table_path,row_index_zero_based,Span,Rise,Area,Span To Rise,Notes,Mannings n,Br,Tr,Cr,B,Max Span,Bottom Span
"/Arch, Open Bottom/Corrugated Aluminum/Categories/Category 1/Sub Category 1",0,6.0,1.0,7.5,,,,,,,,,
"/Arch, Open Bottom/Corrugated Aluminum/Categories/Category 1/Sub Category 1",1,6.0,2.0,10.0,,,,,,,,,
"/Arch, Open Bottom/Corrugated Aluminum/Categories/Category 1/Sub Category 1",2,6.0,3.0,15.0,,,,,,,,,
"/Arch, Open Bottom/Corrugated Aluminum/Categories/Category 1/Sub Category 1",3,7.0,2.0,12.0,,,,,,,,,
"/Arch, Open Bottom/Corrugated Aluminum/Categories/Category 1/Sub Category 1",4,7.0,2.0,15.0,,,,,,,,,
"/Arch, Open Bottom/Corrugated Aluminum/Categories/Category 1/Sub Category 1",5,7.0,3.0,20.0,,,,,,,,,
"/Arch, Open Bottom/Corrugated Aluminum/Categories/Category 1/Sub Category 1",6,8.0,2.0,17.0,,,,,,,,,
"/Arch, Open Bottom/Corrugated Aluminum/Categories/Category 1/Sub Category 1",7,8.0,3.0,20.0,,,,,,,,,
"/Arch, Open Bottom/Corrugated Aluminum/Categories/Category 1/Sub Category 1",8,8.0,4.0,26.0,,,,,,,,,
"/Arch, Open Bottom/Corrugated Aluminum/Categories/Category 1/Sub Category 1",9,9.0,2.0,18.5,,,,,,,,,
"/Arch, Open Bottom/Corrugated Aluminum/Categories/Category 1/Sub Category 1",10,9.0,3.0,26.5,,,,,,,,,
"/Arch, Open Bottom/Corrugated Aluminum/Categories/Category 1/Sub Category 1",11,9.0,4.0,33.0,,,,,,,,,
"/Arch, Open Bottom/Corrugated Aluminum/Categories/Category 1/Sub Category 1",12,10.0,3.0,25.0,,,,,,,,,
"/Arch, Open Bottom/Corrugated Aluminum/Categories/Category 1/Sub Category 1",13,10.0,4.0,34.0,,,,,,,,,
"/Arch, Open Bottom/Corrugated Aluminum/Categories/Category 1/Sub Category 1",14,10.0,5.0,41.0,,,,,,,,,
"/Arch, Open Bottom/Corrugated Aluminum/Categories/Category 1/Sub Category 1",15,11.0,3.0,27.5,,,,,,,,,
"/Arch, Open Bottom/Corrugated Aluminum/Categories/Category 1/Sub Category 1",16,11.0,4.0,37.0,,,,,,,,,
"/Arch, Open Bottom/Corrugated Aluminum/Categories/Category 1/Sub Category 1",17,11.0,5.0,50.0,,,,,,,,,
"/Arch, Open Bottom/Corrugated Aluminum/Categories/Category 1/Sub Category 1",18,12.0,4.0,35.0,,,,,,,,,
"/Arch, Open Bottom/Corrugated Aluminum/Categories/Category 1/Sub Category 1",19,12.0,5.0,45.0,,,,,,,,,
"/Arch, Open Bottom/Corrugated Aluminum/Categories/Category 1/Sub Category 1",20,12.0,6.0,59.0,,,,,,,,,
"/Arch, Open Bottom/Corrugated Aluminum/Categories/Category 1/Sub Category 1",21,13.0,4.0,38.0,,,,,,,,,
"/Arch, Open Bottom/Corrugated Aluminum/Categories/Category 1/Sub Category 1",22,13.0,5.0,49.0,,,,,,,,,
"/Arch, Open Bottom/Corrugated Aluminum/Categories/Category 1/Sub Category 1",23,13.0,6.0,70.0,,,,,,,,,
"/Arch, Open Bottom/Corrugated Aluminum/Categories/Category 1/Sub Category 1",24,14.0,4.0,47.0,,,,,,,,,
"/Arch, Open Bottom/Corrugated Aluminum/Categories/Category 1/Sub Category 1",25,14.0,5.0,58.0,,,,,,,,,
"/Arch, Open Bottom/Corrugated Aluminum/Categories/Category 1/Sub Category 1",26,14.0,7.0,80.0,,,,,,,,,
"/Arch, Open Bottom/Corrugated Aluminum/Categories/Category 1/Sub Category 1",27,15.0,4.0,50.0,,,,,,,,,
"/Arch, Open Bottom/Corrugated Aluminum/Categories/Category 1/Sub Category 1",28,15.0,5.0,62.0,,,,,,,,,
"/Arch, Open Bottom/Corrugated Aluminum/Categories/Category 1/Sub Category 1",29,15.0,6.0,75.0,,,,,,,,,
"/Arch, Open Bottom/Corrugated Aluminum/Categories/Category 1/Sub Category 1",30,15.0,7.0,92.0,,,,,,,,,
"/Arch, Open Bottom/Corrugated Aluminum/Categories/Category 1/Sub Category 1",31,16.0,5.0,60.0,,,,,,,,,
"/Arch, Open Bottom/Corrugated Aluminum/Categories/Category 1/Sub Category 1",32,16.0,7.0,86.0,,,,,,,,,
"/Arch, Open Bottom/Corrugated Aluminum/Categories/Category 1/Sub Category 1",33,16.0,8.0,105.0,,,,,,,,,
"/Arch, Open Bottom/Corrugated Aluminum/Categories/Category 1/Sub Category 1",34,17.0,5.0,63.0,,,,,,,,,
"/Arch, Open Bottom/Corrugated Aluminum/Categories/Category 1/Sub Category 1",35,17.0,7.0,92.0,,,,,,,,,
"/Arch, Open Bottom/Corrugated Aluminum/Categories/Category 1/Sub Category 1",36,17.0,8.0,119.0,,,,,,,,,
"/Arch, Open Bottom/Corrugated Aluminum/Categories/Category 1/Sub Category 1",37,18.0,5.0,75.0,,,,,,,,,
"/Arch, Open Bottom/Corrugated Aluminum/Categories/Category 1/Sub Category 1",38,18.0,7.0,104.0,,,,,,,,,
"/Arch, Open Bottom/Corrugated Aluminum/Categories/Category 1/Sub Category 1",39,18.0,8.0,126.0,,,,,,,,,
"/Arch, Open Bottom/Corrugated Aluminum/Categories/Category 1/Sub Category 1",40,19.0,6.0,87.0,,,,,,,,,
"/Arch, Open Bottom/Corrugated Aluminum/Categories/Category 1/Sub Category 1",41,19.0,8.0,118.0,,,,,,,,,
"/Arch, Open Bottom/Corrugated Aluminum/Categories/Category 1/Sub Category 1",42,19.0,9.0,140.0,,,,,,,,,
"/Arch, Open Bottom/Corrugated Aluminum/Categories/Category 1/Sub Category 1",43,20.0,6.0,91.0,,,,,,,,,
"/Arch, Open Bottom/Corrugated Aluminum/Categories/Category 1/Sub Category 1",44,20.0,8.0,124.0,,,,,,,,,
"/Arch, Open Bottom/Corrugated Aluminum/Categories/Category 1/Sub Category 1",45,20.0,10.0,157.0,,,,,,,,,
"/Arch, Open Bottom/Corrugated Aluminum/Categories/Category 1/Sub Category 1",46,21.0,6.0,104.0,,,,,,,,,
"/Arch, Open Bottom/Corrugated Aluminum/Categories/Category 1/Sub Category 1",47,21.0,8.0,140.0,,,,,,,,,
"/Arch, Open Bottom/Corrugated Aluminum/Categories/Category 1/Sub Category 1",48,21.0,10.0,172.0,,,,,,,,,
"/Arch, Open Bottom/Corrugated Aluminum/Categories/Category 1/Sub Category 1",49,22.0,6.0,109.0,,,,,,,,,
"/Arch, Open Bottom/Corrugated Aluminum/Categories/Category 1/Sub Category 1",50,22.0,8.0,146.0,,,,,,,,,
"/Arch, Open Bottom/Corrugated Aluminum/Categories/Category 1/Sub Category 1",51,22.0,11.0,190.0,,,,,,,,,
"/Arch, Open Bottom/Corrugated Aluminum/Categories/Category 1/Sub Category 1",52,23.0,8.0,134.0,,,,,,,,,
"/Arch, Open Bottom/Corrugated Aluminum/Categories/Category 1/Sub Category 1",53,23.0,9.0,171.0,,,,,,,,,
"/Arch, Open Bottom/Corrugated Aluminum/Categories/Category 1/Sub Category 1",54,23.0,11.0,208.0,,,,,,,,,
"/Arch, Open Bottom/Corrugated Aluminum/Categories/Category 1/Sub Category 1",55,24.0,8.0,150.0,,,,,,,,,
"/Arch, Open Bottom/Corrugated Aluminum/Categories/Category 1/Sub Category 1",56,24.0,10.0,188.0,,,,,,,,,
"/Arch, Open Bottom/Corrugated Aluminum/Categories/Category 1/Sub Category 1",57,24.0,12.0,226.0,,,,,,,,,
"/Arch, Open Bottom/Corrugated Aluminum/Categories/Category 1/Sub Category 1",58,25.0,8.0,155.0,,,,,,,,,
"/Arch, Open Bottom/Corrugated Aluminum/Categories/Category 1/Sub Category 1",59,25.0,10.0,207.0,,,,,,,,,
"/Arch, Open Bottom/Corrugated Aluminum/Categories/Category 1/Sub Category 1",60,25.0,12.0,247.0,,,,,,,,,
"/Arch, Open Bottom/Corrugated Steel/Categories/Category 1/Sub Category 1",0,6.0,1.0,7.5,,,,,,,,,
"/Arch, Open Bottom/Corrugated Steel/Categories/Category 1/Sub Category 1",1,6.0,2.0,10.0,,,,,,,,,
"/Arch, Open Bottom/Corrugated Steel/Categories/Category 1/Sub Category 1",2,6.0,3.0,15.0,,,,,,,,,
"/Arch, Open Bottom/Corrugated Steel/Categories/Category 1/Sub Category 1",3,7.0,2.0,12.0,,,,,,,,,
"/Arch, Open Bottom/Corrugated Steel/Categories/Category 1/Sub Category 1",4,7.0,2.0,15.0,,,,,,,,,
"/Arch, Open Bottom/Corrugated Steel/Categories/Category 1/Sub Category 1",5,7.0,3.0,20.0,,,,,,,,,
"/Arch, Open Bottom/Corrugated Steel/Categories/Category 1/Sub Category 1",6,8.0,2.0,17.0,,,,,,,,,
"/Arch, Open Bottom/Corrugated Steel/Categories/Category 1/Sub Category 1",7,8.0,3.0,20.0,,,,,,,,,
"/Arch, Open Bottom/Corrugated Steel/Categories/Category 1/Sub Category 1",8,8.0,4.0,26.0,,,,,,,,,
"/Arch, Open Bottom/Corrugated Steel/Categories/Category 1/Sub Category 1",9,9.0,2.0,18.5,,,,,,,,,
"/Arch, Open Bottom/Corrugated Steel/Categories/Category 1/Sub Category 1",10,9.0,3.0,26.5,,,,,,,,,
"/Arch, Open Bottom/Corrugated Steel/Categories/Category 1/Sub Category 1",11,9.0,4.0,33.0,,,,,,,,,
"/Arch, Open Bottom/Corrugated Steel/Categories/Category 1/Sub Category 1",12,10.0,3.0,25.0,,,,,,,,,
"/Arch, Open Bottom/Corrugated Steel/Categories/Category 1/Sub Category 1",13,10.0,4.0,34.0,,,,,,,,,
"/Arch, Open Bottom/Corrugated Steel/Categories/Category 1/Sub Category 1",14,10.0,5.0,41.0,,,,,,,,,
"/Arch, Open Bottom/Corrugated Steel/Categories/Category 1/Sub Category 1",15,11.0,3.0,27.5,,,,,,,,,
"/Arch, Open Bottom/Corrugated Steel/Categories/Category 1/Sub Category 1",16,11.0,4.0,37.0,,,,,,,,,
"/Arch, Open Bottom/Corrugated Steel/Categories/Category 1/Sub Category 1",17,11.0,5.0,50.0,,,,,,,,,
"/Arch, Open Bottom/Corrugated Steel/Categories/Category 1/Sub Category 1",18,12.0,4.0,35.0,,,,,,,,,
"/Arch, Open Bottom/Corrugated Steel/Categories/Category 1/Sub Category 1",19,12.0,5.0,45.0,,,,,,,,,
"/Arch, Open Bottom/Corrugated Steel/Categories/Category 1/Sub Category 1",20,12.0,6.0,59.0,,,,,,,,,
"/Arch, Open Bottom/Corrugated Steel/Categories/Category 1/Sub Category 1",21,13.0,4.0,38.0,,,,,,,,,
"/Arch, Open Bottom/Corrugated Steel/Categories/Category 1/Sub Category 1",22,13.0,5.0,49.0,,,,,,,,,
"/Arch, Open Bottom/Corrugated Steel/Categories/Category 1/Sub Category 1",23,13.0,6.0,70.0,,,,,,,,,
"/Arch, Open Bottom/Corrugated Steel/Categories/Category 1/Sub Category 1",24,14.0,4.0,47.0,,,,,,,,,
"/Arch, Open Bottom/Corrugated Steel/Categories/Category 1/Sub Category 1",25,14.0,5.0,58.0,,,,,,,,,
"/Arch, Open Bottom/Corrugated Steel/Categories/Category 1/Sub Category 1",26,14.0,7.0,80.0,,,,,,,,,
"/Arch, Open Bottom/Corrugated Steel/Categories/Category 1/Sub Category 1",27,15.0,4.0,50.0,,,,,,,,,
"/Arch, Open Bottom/Corrugated Steel/Categories/Category 1/Sub Category 1",28,15.0,5.0,62.0,,,,,,,,,
"/Arch, Open Bottom/Corrugated Steel/Categories/Category 1/Sub Category 1",29,15.0,6.0,75.0,,,,,,,,,
"/Arch, Open Bottom/Corrugated Steel/Categories/Category 1/Sub Category 1",30,15.0,7.0,92.0,,,,,,,,,
"/Arch, Open Bottom/Corrugated Steel/Categories/Category 1/Sub Category 1",31,16.0,5.0,60.0,,,,,,,,,
"/Arch, Open Bottom/Corrugated Steel/Categories/Category 1/Sub Category 1",32,16.0,7.0,86.0,,,,,,,,,
"/Arch, Open Bottom/Corrugated Steel/Categories/Category 1/Sub Category 1",33,16.0,8.0,105.0,,,,,,,,,
"/Arch, Open Bottom/Corrugated Steel/Categories/Category 1/Sub Category 1",34,17.0,5.0,63.0,,,,,,,,,
"/Arch, Open Bottom/Corrugated Steel/Categories/Category 1/Sub Category 1",35,17.0,7.0,92.0,,,,,,,,,
"/Arch, Open Bottom/Corrugated Steel/Categories/Category 1/Sub Category 1",36,17.0,8.0,119.0,,,,,,,,,
"/Arch, Open Bottom/Corrugated Steel/Categories/Category 1/Sub Category 1",37,18.0,5.0,75.0,,,,,,,,,
"/Arch, Open Bottom/Corrugated Steel/Categories/Category 1/Sub Category 1",38,18.0,7.0,104.0,,,,,,,,,
"/Arch, Open Bottom/Corrugated Steel/Categories/Category 1/Sub Category 1",39,18.0,8.0,126.0,,,,,,,,,
"/Arch, Open Bottom/Corrugated Steel/Categories/Category 1/Sub Category 1",40,19.0,6.0,87.0,,,,,,,,,
"/Arch, Open Bottom/Corrugated Steel/Categories/Category 1/Sub Category 1",41,19.0,8.0,118.0,,,,,,,,,
"/Arch, Open Bottom/Corrugated Steel/Categories/Category 1/Sub Category 1",42,19.0,9.0,140.0,,,,,,,,,
"/Arch, Open Bottom/Corrugated Steel/Categories/Category 1/Sub Category 1",43,20.0,6.0,91.0,,,,,,,,,
"/Arch, Open Bottom/Corrugated Steel/Categories/Category 1/Sub Category 1",44,20.0,8.0,124.0,,,,,,,,,
"/Arch, Open Bottom/Corrugated Steel/Categories/Category 1/Sub Category 1",45,20.0,10.0,157.0,,,,,,,,,
"/Arch, Open Bottom/Corrugated Steel/Categories/Category 1/Sub Category 1",46,21.0,6.0,104.0,,,,,,,,,
"/Arch, Open Bottom/Corrugated Steel/Categories/Category 1/Sub Category 1",47,21.0,8.0,140.0,,,,,,,,,
"/Arch, Open Bottom/Corrugated Steel/Categories/Category 1/Sub Category 1",48,21.0,10.0,172.0,,,,,,,,,
"/Arch, Open Bottom/Corrugated Steel/Categories/Category 1/Sub Category 1",49,22.0,6.0,109.0,,,,,,,,,
"/Arch, Open Bottom/Corrugated Steel/Categories/Category 1/Sub Category 1",50,22.0,8.0,146.0,,,,,,,,,
"/Arch, Open Bottom/Corrugated Steel/Categories/Category 1/Sub Category 1",51,22.0,11.0,190.0,,,,,,,,,
"/Arch, Open Bottom/Corrugated Steel/Categories/Category 1/Sub Category 1",52,23.0,8.0,134.0,,,,,,,,,
"/Arch, Open Bottom/Corrugated Steel/Categories/Category 1/Sub Category 1",53,23.0,9.0,171.0,,,,,,,,,
"/Arch, Open Bottom/Corrugated Steel/Categories/Category 1/Sub Category 1",54,23.0,11.0,208.0,,,,,,,,,
"/Arch, Open Bottom/Corrugated Steel/Categories/Category 1/Sub Category 1",55,24.0,8.0,150.0,,,,,,,,,
"/Arch, Open Bottom/Corrugated Steel/Categories/Category 1/Sub Category 1",56,24.0,10.0,188.0,,,,,,,,,
"/Arch, Open Bottom/Corrugated Steel/Categories/Category 1/Sub Category 1",57,24.0,12.0,226.0,,,,,,,,,
"/Arch, Open Bottom/Corrugated Steel/Categories/Category 1/Sub Category 1",58,25.0,8.0,155.0,,,,,,,,,
"/Arch, Open Bottom/Corrugated Steel/Categories/Category 1/Sub Category 1",59,25.0,10.0,207.0,,,,,,,,,
"/Arch, Open Bottom/Corrugated Steel/Categories/Category 1/Sub Category 1",60,25.0,12.0,247.0,,,,,,,,,
/Concrete Open-Bottom Arch/Concrete/Categories/Category 1/Sub Category 1,0,12.0,4.0,41.15850067138672,3.0,,,,,,,,
/Concrete Open-Bottom Arch/Concrete/Categories/Category 1/Sub Category 1,1,12.0,4.0,44.15599822998047,2.8235294818878174,,,,,,,,
/Concrete Open-Bottom Arch/Concrete/Categories/Category 1/Sub Category 1,2,12.0,4.0,47.153499603271484,2.6666667461395264,,,,,,,,
/Concrete Open-Bottom Arch/Concrete/Categories/Category 1/Sub Category 1,3,12.0,4.0,50.1510009765625,2.526315689086914,,,,,,,,
/Concrete Open-Bottom Arch/Concrete/Categories/Category 1/Sub Category 1,4,12.0,5.0,53.14849853515625,2.4000000953674316,,,,,,,,
/Concrete Open-Bottom Arch/Concrete/Categories/Category 1/Sub Category 1,5,12.0,5.0,56.145999908447266,2.2857143878936768,,,,,,,,
/Concrete Open-Bottom Arch/Concrete/Categories/Category 1/Sub Category 1,6,12.0,5.0,59.14350128173828,2.1818182468414307,,,,,,,,
/Concrete Open-Bottom Arch/Concrete/Categories/Category 1/Sub Category 1,7,12.0,5.0,62.14099884033203,2.08695650100708,,,,,,,,
/Concrete Open-Bottom Arch/Concrete/Categories/Category 1/Sub Category 1,8,12.0,6.0,65.13849639892578,2.0,,,,,,,,
/Concrete Open-Bottom Arch/Concrete/Categories/Category 1/Sub Category 1,9,12.0,6.0,68.13600158691406,1.9199999570846558,The selected span to rise ratio is outside of the range tested.,,,,,,,
/Concrete Open-Bottom Arch/Concrete/Categories/Category 1/Sub Category 1,10,12.0,6.0,71.13349914550781,1.8461538553237915,The selected span to rise ratio is outside of the range tested.,,,,,,,
/Concrete Open-Bottom Arch/Concrete/Categories/Category 1/Sub Category 1,11,12.0,6.0,74.13099670410156,1.7777777910232544,The selected span to rise ratio is outside of the range tested.,,,,,,,
/Concrete Open-Bottom Arch/Concrete/Categories/Category 1/Sub Category 1,12,12.0,7.0,77.12850189208984,1.7142857313156128,The selected span to rise ratio is outside of the range tested.,,,,,,,
/Concrete Open-Bottom Arch/Concrete/Categories/Category 1/Sub Category 1,13,12.0,7.0,80.1259994506836,1.6551724672317505,The selected span to rise ratio is outside of the range tested.,,,,,,,
/Concrete Open-Bottom Arch/Concrete/Categories/Category 1/Sub Category 1,14,12.0,7.0,83.12349700927734,1.600000023841858,The selected span to rise ratio is outside of the range tested.,,,,,,,
/Concrete Open-Bottom Arch/Concrete/Categories/Category 1/Sub Category 1,15,12.0,7.0,86.12100219726562,1.548387050628662,The selected span to rise ratio is outside of the range tested.,,,,,,,
/Concrete Open-Bottom Arch/Concrete/Categories/Category 1/Sub Category 1,16,12.0,8.0,89.11849975585938,1.5,The selected span to rise ratio is outside of the range tested.,,,,,,,
/Concrete Open-Bottom Arch/Concrete/Categories/Category 1/Sub Category 1,17,12.0,8.0,92.11599731445312,1.454545497894287,The selected span to rise ratio is outside of the range tested.,,,,,,,
/Concrete Open-Bottom Arch/Concrete/Categories/Category 1/Sub Category 1,18,12.0,8.0,95.1135025024414,1.4117647409439087,The selected span to rise ratio is outside of the range tested.,,,,,,,
/Concrete Open-Bottom Arch/Concrete/Categories/Category 1/Sub Category 1,19,12.0,8.0,98.11100006103516,1.3714286088943481,The selected span to rise ratio is outside of the range tested.,,,,,,,
/Concrete Open-Bottom Arch/Concrete/Categories/Category 1/Sub Category 1,20,12.0,9.0,101.1084976196289,1.3333333730697632,The selected span to rise ratio is outside of the range tested.,,,,,,,
/Concrete Open-Bottom Arch/Concrete/Categories/Category 1/Sub Category 1,21,12.0,9.0,104.10600280761719,1.2972972393035889,The selected span to rise ratio is outside of the range tested.,,,,,,,
/Concrete Open-Bottom Arch/Concrete/Categories/Category 1/Sub Category 1,22,12.0,9.0,107.10350036621094,1.263157844543457,The selected span to rise ratio is outside of the range tested.,,,,,,,
/Concrete Open-Bottom Arch/Concrete/Categories/Category 1/Sub Category 1,23,12.0,9.0,110.10099792480469,1.2307692766189575,The selected span to rise ratio is outside of the range tested.,,,,,,,
/Concrete Open-Bottom Arch/Concrete/Categories/Category 1/Sub Category 1,24,12.0,10.0,113.09850311279297,1.2000000476837158,The selected span to rise ratio is outside of the range tested.,,,,,,,
/Concrete Open-Bottom Arch/Concrete/Categories/Category 10/Sub Category 1,0,42.0,10.0,352.5549011230469,4.199999809265137,The selected span to rise ratio is outside of the range tested.,,,,,,,
/Concrete Open-Bottom Arch/Concrete/Categories/Category 10/Sub Category 1,1,42.0,10.0,363.0523986816406,4.097560882568359,The selected span to rise ratio is outside of the range tested.,,,,,,,
/Concrete Open-Bottom Arch/Concrete/Categories/Category 10/Sub Category 1,2,42.0,10.0,373.5498962402344,4.0,,,,,,,,
/Concrete Open-Bottom Arch/Concrete/Categories/Category 10/Sub Category 1,3,42.0,10.0,384.0473937988281,3.9069766998291016,,,,,,,,
/Concrete Open-Bottom Arch/Concrete/Categories/Category 10/Sub Category 1,4,42.0,11.0,394.5448913574219,3.8181817531585693,,,,,,,,
/Concrete Open-Bottom Arch/Concrete/Categories/Category 10/Sub Category 1,5,42.0,11.0,405.0423889160156,3.7333333492279053,,,,,,,,
/Concrete Open-Bottom Arch/Concrete/Categories/Category 10/Sub Category 1,6,42.0,11.0,415.5398864746094,3.6521739959716797,,,,,,,,
/Concrete Open-Bottom Arch/Concrete/Categories/Category 10/Sub Category 1,7,42.0,11.0,426.03741455078125,3.5744681358337402,,,,,,,,
/Concrete Open-Bottom Arch/Concrete/Categories/Category 10/Sub Category 1,8,42.0,12.0,436.534912109375,3.5,,,,,,,,
/Concrete Open-Bottom Arch/Concrete/Categories/Category 10/Sub Category 1,9,42.0,12.0,447.03240966796875,3.4285714626312256,,,,,,,,
/Concrete Open-Bottom Arch/Concrete/Categories/Category 10/Sub Category 1,10,42.0,12.0,457.5299072265625,3.359999895095825,,,,,,,,
/Concrete Open-Bottom Arch/Concrete/Categories/Category 10/Sub Category 1,11,42.0,12.0,468.02740478515625,3.2941176891326904,,,,,,,,
/Concrete Open-Bottom Arch/Concrete/Categories/Category 10/Sub Category 1,12,42.0,13.0,478.52490234375,3.230769157409668,,,,,,,,
/Concrete Open-Bottom Arch/Concrete/Categories/Category 10/Sub Category 1,13,42.0,13.0,489.02239990234375,3.169811248779297,,,,,,,,
/Concrete Open-Bottom Arch/Concrete/Categories/Category 10/Sub Category 1,14,42.0,13.0,499.5198974609375,3.1111111640930176,,,,,,,,
/Concrete Open-Bottom Arch/Concrete/Categories/Category 10/Sub Category 1,15,42.0,13.0,510.01739501953125,3.0545454025268555,,,,,,,,
/Concrete Open-Bottom Arch/Concrete/Categories/Category 10/Sub Category 1,16,42.0,14.0,520.514892578125,3.0,,,,,,,,
/Concrete Open-Bottom Arch/Concrete/Categories/Category 10/Sub Category 1,17,42.0,14.0,531.0123901367188,2.9473683834075928,,,,,,,,
/Concrete Open-Bottom Arch/Concrete/Categories/Category 10/Sub Category 1,18,42.0,14.0,541.5098876953125,2.8965516090393066,,,,,,,,
/Concrete Open-Bottom Arch/Concrete/Categories/Category 10/Sub Category 1,19,42.0,14.0,552.0073852539062,2.8474576473236084,,,,,,,,
/Concrete Open-Bottom Arch/Concrete/Categories/Category 10/Sub Category 1,20,42.0,15.0,562.5048828125,2.799999952316284,,,,,,,,
/Concrete Open-Bottom Arch/Concrete/Categories/Category 10/Sub Category 1,21,42.0,15.0,573.0023803710938,2.754098415374756,,,,,,,,
/Concrete Open-Bottom Arch/Concrete/Categories/Category 10/Sub Category 1,22,42.0,15.0,583.4998779296875,2.7096774578094482,,,,,,,,
/Concrete Open-Bottom Arch/Concrete/Categories/Category 10/Sub Category 1,23,42.0,15.0,593.9973754882812,2.6666667461395264,,,,,,,,
/Concrete Open-Bottom Arch/Concrete/Categories/Category 10/Sub Category 1,24,42.0,16.0,604.494873046875,2.625,,,,,,,,
/Concrete Open-Bottom Arch/Concrete/Categories/Category 11/Sub Category 1,0,48.0,9.0,379.8175048828125,5.052631378173828,The selected span to rise ratio is outside of the range tested.,,,,,,,
/Concrete Open-Bottom Arch/Concrete/Categories/Category 11/Sub Category 1,1,48.0,9.0,391.81500244140625,4.92307710647583,The selected span to rise ratio is outside of the range tested.,,,,,,,
/Concrete Open-Bottom Arch/Concrete/Categories/Category 11/Sub Category 1,2,48.0,10.0,403.8125,4.800000190734863,The selected span to rise ratio is outside of the range tested.,,,,,,,
/Concrete Open-Bottom Arch/Concrete/Categories/Category 11/Sub Category 1,3,48.0,10.0,415.80999755859375,4.682926654815674,The selected span to rise ratio is outside of the range tested.,,,,,,,
/Concrete Open-Bottom Arch/Concrete/Categories/Category 11/Sub Category 1,4,48.0,10.0,427.8074951171875,4.5714287757873535,The selected span to rise ratio is outside of the range tested.,,,,,,,
/Concrete Open-Bottom Arch/Concrete/Categories/Category 11/Sub Category 1,5,48.0,10.0,439.80499267578125,4.465116500854492,The selected span to rise ratio is outside of the range tested.,,,,,,,
/Concrete Open-Bottom Arch/Concrete/Categories/Category 11/Sub Category 1,6,48.0,11.0,451.802490234375,4.363636493682861,The selected span to rise ratio is outside of the range tested.,,,,,,,
/Concrete Open-Bottom Arch/Concrete/Categories/Category 11/Sub Category 1,7,48.0,11.0,463.79998779296875,4.266666889190674,The selected span to rise ratio is outside of the range tested.,,,,,,,
/Concrete Open-Bottom Arch/Concrete/Categories/Category 11/Sub Category 1,8,48.0,11.0,475.7974853515625,4.17391300201416,The selected span to rise ratio is outside of the range tested.,,,,,,,
/Concrete Open-Bottom Arch/Concrete/Categories/Category 11/Sub Category 1,9,48.0,11.0,487.7950134277344,4.085106372833252,The selected span to rise ratio is outside of the range tested.,,,,,,,
/Concrete Open-Bottom Arch/Concrete/Categories/Category 11/Sub Category 1,10,48.0,12.0,499.7925109863281,4.0,,,,,,,,
/Concrete Open-Bottom Arch/Concrete/Categories/Category 11/Sub Category 1,11,48.0,12.0,511.7900085449219,3.918367385864258,,,,,,,,
/Concrete Open-Bottom Arch/Concrete/Categories/Category 11/Sub Category 1,12,48.0,12.0,523.7874755859375,3.8399999141693115,,,,,,,,
/Concrete Open-Bottom Arch/Concrete/Categories/Category 11/Sub Category 1,13,48.0,12.0,535.7849731445312,3.7647058963775635,,,,,,,,
/Concrete Open-Bottom Arch/Concrete/Categories/Category 11/Sub Category 1,14,48.0,13.0,547.782470703125,3.692307710647583,,,,,,,,
/Concrete Open-Bottom Arch/Concrete/Categories/Category 11/Sub Category 1,15,48.0,13.0,559.780029296875,3.6226415634155273,,,,,,,,
/Concrete Open-Bottom Arch/Concrete/Categories/Category 11/Sub Category 1,16,48.0,13.0,571.7775268554688,3.555555582046509,,,,,,,,
/Concrete Open-Bottom Arch/Concrete/Categories/Category 11/Sub Category 1,17,48.0,13.0,583.7750244140625,3.4909090995788574,,,,,,,,
/Concrete Open-Bottom Arch/Concrete/Categories/Category 11/Sub Category 1,18,48.0,14.0,595.7725219726562,3.4285714626312256,,,,,,,,
/Concrete Open-Bottom Arch/Concrete/Categories/Category 11/Sub Category 1,19,48.0,14.0,607.77001953125,3.3684210777282715,,,,,,,,
/Concrete Open-Bottom Arch/Concrete/Categories/Category 11/Sub Category 1,20,48.0,14.0,619.7675170898438,3.310344934463501,,,,,,,,
/Concrete Open-Bottom Arch/Concrete/Categories/Category 11/Sub Category 1,21,48.0,14.0,631.7650146484375,3.254237174987793,,,,,,,,
/Concrete Open-Bottom Arch/Concrete/Categories/Category 11/Sub Category 1,22,48.0,15.0,643.7625122070312,3.200000047683716,,,,,,,,
/Concrete Open-Bottom Arch/Concrete/Categories/Category 12/Sub Category 1,0,54.0,9.0,406.96978759765625,5.684210300445557,The selected span to rise ratio is outside of the range tested.,,,,,,,
/Concrete Open-Bottom Arch/Concrete/Categories/Category 12/Sub Category 1,1,54.0,9.0,420.2622985839844,5.538461685180664,The selected span to rise ratio is outside of the range tested.,,,,,,,
/Concrete Open-Bottom Arch/Concrete/Categories/Category 12/Sub Category 1,2,54.0,10.0,433.5548095703125,5.400000095367432,The selected span to rise ratio is outside of the range tested.,,,,,,,
/Concrete Open-Bottom Arch/Concrete/Categories/Category 12/Sub Category 1,3,54.0,10.0,446.8472900390625,5.2682929039001465,The selected span to rise ratio is outside of the range tested.,,,,,,,
/Concrete Open-Bottom Arch/Concrete/Categories/Category 12/Sub Category 1,4,54.0,10.0,460.1398010253906,5.142857074737549,The selected span to rise ratio is outside of the range tested.,,,,,,,
/Concrete Open-Bottom Arch/Concrete/Categories/Category 12/Sub Category 1,5,54.0,10.0,473.43231201171875,5.023255825042725,The selected span to rise ratio is outside of the range tested.,,,,,,,
/Concrete Open-Bottom Arch/Concrete/Categories/Category 12/Sub Category 1,6,54.0,11.0,486.72479248046875,4.909090995788574,The selected span to rise ratio is outside of the range tested.,,,,,,,
/Concrete Open-Bottom Arch/Concrete/Categories/Category 12/Sub Category 1,7,54.0,11.0,500.0173034667969,4.800000190734863,The selected span to rise ratio is outside of the range tested.,,,,,,,
/Concrete Open-Bottom Arch/Concrete/Categories/Category 12/Sub Category 1,8,54.0,11.0,513.309814453125,4.695652008056641,The selected span to rise ratio is outside of the range tested.,,,,,,,
/Concrete Open-Bottom Arch/Concrete/Categories/Category 12/Sub Category 1,9,54.0,11.0,526.602294921875,4.595744609832764,The selected span to rise ratio is outside of the range tested.,,,,,,,
/Concrete Open-Bottom Arch/Concrete/Categories/Category 12/Sub Category 1,10,54.0,12.0,539.894775390625,4.5,The selected span to rise ratio is outside of the range tested.,,,,,,,
/Concrete Open-Bottom Arch/Concrete/Categories/Category 12/Sub Category 1,11,54.0,12.0,553.1873168945312,4.408163070678711,The selected span to rise ratio is outside of the range tested.,,,,,,,
/Concrete Open-Bottom Arch/Concrete/Categories/Category 12/Sub Category 1,12,54.0,12.0,566.4797973632812,4.320000171661377,The selected span to rise ratio is outside of the range tested.,,,,,,,
/Concrete Open-Bottom Arch/Concrete/Categories/Category 12/Sub Category 1,13,54.0,12.0,579.7722778320312,4.235294342041016,The selected span to rise ratio is outside of the range tested.,,,,,,,
/Concrete Open-Bottom Arch/Concrete/Categories/Category 12/Sub Category 1,14,54.0,13.0,593.0648193359375,4.153846263885498,The selected span to rise ratio is outside of the range tested.,,,,,,,
/Concrete Open-Bottom Arch/Concrete/Categories/Category 12/Sub Category 1,15,54.0,13.0,606.3572998046875,4.075471878051758,The selected span to rise ratio is outside of the range tested.,,,,,,,
/Concrete Open-Bottom Arch/Concrete/Categories/Category 12/Sub Category 1,16,54.0,13.0,619.6497802734375,4.0,,,,,,,,
/Concrete Open-Bottom Arch/Concrete/Categories/Category 12/Sub Category 1,17,54.0,13.0,632.9423217773438,3.9272727966308594,,,,,,,,
/Concrete Open-Bottom Arch/Concrete/Categories/Category 12/Sub Category 1,18,54.0,14.0,646.2348022460938,3.857142925262451,,,,,,,,
/Concrete Open-Bottom Arch/Concrete/Categories/Category 12/Sub Category 1,19,54.0,14.0,659.5272827148438,3.78947377204895,,,,,,,,
/Concrete Open-Bottom Arch/Concrete/Categories/Category 12/Sub Category 1,20,54.0,14.0,672.81982421875,3.724138021469116,,,,,,,,
/Concrete Open-Bottom Arch/Concrete/Categories/Category 12/Sub Category 1,21,54.0,14.0,686.1123046875,3.6610169410705566,,,,,,,,
/Concrete Open-Bottom Arch/Concrete/Categories/Category 12/Sub Category 1,22,54.0,15.0,699.40478515625,3.5999999046325684,,,,,,,,
/Concrete Open-Bottom Arch/Concrete/Categories/Category 13/Sub Category 1,0,60.0,9.0,427.03759765625,6.315789699554443,The selected span to rise ratio is outside of the range tested.,,,,,,,
/Concrete Open-Bottom Arch/Concrete/Categories/Category 13/Sub Category 1,1,60.0,9.0,441.8276062011719,6.153846263885498,The selected span to rise ratio is outside of the range tested.,,,,,,,
/Concrete Open-Bottom Arch/Concrete/Categories/Category 13/Sub Category 1,2,60.0,10.0,456.61761474609375,6.0,The selected span to rise ratio is outside of the range tested.,,,,,,,
/Concrete Open-Bottom Arch/Concrete/Categories/Category 13/Sub Category 1,3,60.0,10.0,471.4075927734375,5.853658676147461,The selected span to rise ratio is outside of the range tested.,,,,,,,
/Concrete Open-Bottom Arch/Concrete/Categories/Category 13/Sub Category 1,4,60.0,10.0,486.1976013183594,5.714285850524902,The selected span to rise ratio is outside of the range tested.,,,,,,,
/Concrete Open-Bottom Arch/Concrete/Categories/Category 13/Sub Category 1,5,60.0,10.0,500.98760986328125,5.581395149230957,The selected span to rise ratio is outside of the range tested.,,,,,,,
/Concrete Open-Bottom Arch/Concrete/Categories/Category 13/Sub Category 1,6,60.0,11.0,515.777587890625,5.454545497894287,The selected span to rise ratio is outside of the range tested.,,,,,,,
/Concrete Open-Bottom Arch/Concrete/Categories/Category 13/Sub Category 1,7,60.0,11.0,530.567626953125,5.333333492279053,The selected span to rise ratio is outside of the range tested.,,,,,,,
/Concrete Open-Bottom Arch/Concrete/Categories/Category 13/Sub Category 1,8,60.0,11.0,545.3576049804688,5.217391490936279,The selected span to rise ratio is outside of the range tested.,,,,,,,
/Concrete Open-Bottom Arch/Concrete/Categories/Category 13/Sub Category 1,9,60.0,11.0,560.1475830078125,5.106382846832275,The selected span to rise ratio is outside of the range tested.,,,,,,,
/Concrete Open-Bottom Arch/Concrete/Categories/Category 13/Sub Category 1,10,60.0,12.0,574.9376220703125,5.0,The selected span to rise ratio is outside of the range tested.,,,,,,,
/Concrete Open-Bottom Arch/Concrete/Categories/Category 13/Sub Category 1,11,60.0,12.0,589.7276000976562,4.897959232330322,The selected span to rise ratio is outside of the range tested.,,,,,,,
/Concrete Open-Bottom Arch/Concrete/Categories/Category 13/Sub Category 1,12,60.0,12.0,604.517578125,4.800000190734863,The selected span to rise ratio is outside of the range tested.,,,,,,,
/Concrete Open-Bottom Arch/Concrete/Categories/Category 13/Sub Category 1,13,60.0,12.0,619.3076171875,4.705882549285889,The selected span to rise ratio is outside of the range tested.,,,,,,,
/Concrete Open-Bottom Arch/Concrete/Categories/Category 13/Sub Category 1,14,60.0,13.0,634.0975952148438,4.615384578704834,The selected span to rise ratio is outside of the range tested.,,,,,,,
/Concrete Open-Bottom Arch/Concrete/Categories/Category 13/Sub Category 1,15,60.0,13.0,648.8875732421875,4.52830171585083,The selected span to rise ratio is outside of the range tested.,,,,,,,
/Concrete Open-Bottom Arch/Concrete/Categories/Category 13/Sub Category 1,16,60.0,13.0,663.6776123046875,4.44444465637207,The selected span to rise ratio is outside of the range tested.,,,,,,,
/Concrete Open-Bottom Arch/Concrete/Categories/Category 13/Sub Category 1,17,60.0,13.0,678.4675903320312,4.363636493682861,The selected span to rise ratio is outside of the range tested.,,,,,,,
/Concrete Open-Bottom Arch/Concrete/Categories/Category 13/Sub Category 1,18,60.0,14.0,693.2576293945312,4.285714149475098,The selected span to rise ratio is outside of the range tested.,,,,,,,
/Concrete Open-Bottom Arch/Concrete/Categories/Category 13/Sub Category 1,19,60.0,14.0,708.047607421875,4.210526466369629,The selected span to rise ratio is outside of the range tested.,,,,,,,
/Concrete Open-Bottom Arch/Concrete/Categories/Category 13/Sub Category 1,20,60.0,14.0,722.8375854492188,4.137930870056152,The selected span to rise ratio is outside of the range tested.,,,,,,,
/Concrete Open-Bottom Arch/Concrete/Categories/Category 13/Sub Category 1,21,60.0,14.0,737.6276245117188,4.06779670715332,The selected span to rise ratio is outside of the range tested.,,,,,,,
/Concrete Open-Bottom Arch/Concrete/Categories/Category 13/Sub Category 1,22,60.0,15.0,752.4176025390625,4.0,,,,,,,,
/Concrete Open-Bottom Arch/Concrete/Categories/Category 2/Sub Category 1,0,14.0,4.0,48.474998474121094,3.5,,,,,,,,
/Concrete Open-Bottom Arch/Concrete/Categories/Category 2/Sub Category 1,1,14.0,4.0,51.97249984741211,3.2941176891326904,,,,,,,,
/Concrete Open-Bottom Arch/Concrete/Categories/Category 2/Sub Category 1,2,14.0,4.0,55.470001220703125,3.1111111640930176,,,,,,,,
/Concrete Open-Bottom Arch/Concrete/Categories/Category 2/Sub Category 1,3,14.0,4.0,58.967498779296875,2.9473683834075928,,,,,,,,
/Concrete Open-Bottom Arch/Concrete/Categories/Category 2/Sub Category 1,4,14.0,5.0,62.46500015258789,2.799999952316284,,,,,,,,
/Concrete Open-Bottom Arch/Concrete/Categories/Category 2/Sub Category 1,5,14.0,5.0,65.9625015258789,2.6666667461395264,,,,,,,,
/Concrete Open-Bottom Arch/Concrete/Categories/Category 2/Sub Category 1,6,14.0,5.0,69.45999908447266,2.545454502105713,,,,,,,,
/Concrete Open-Bottom Arch/Concrete/Categories/Category 2/Sub Category 1,7,14.0,5.0,72.9574966430664,2.4347825050354004,,,,,,,,
/Concrete Open-Bottom Arch/Concrete/Categories/Category 2/Sub Category 1,8,14.0,6.0,76.45500183105469,2.3333332538604736,,,,,,,,
/Concrete Open-Bottom Arch/Concrete/Categories/Category 2/Sub Category 1,9,14.0,6.0,79.95249938964844,2.240000009536743,,,,,,,,
/Concrete Open-Bottom Arch/Concrete/Categories/Category 2/Sub Category 1,10,14.0,6.0,83.44999694824219,2.153846263885498,,,,,,,,
/Concrete Open-Bottom Arch/Concrete/Categories/Category 2/Sub Category 1,11,14.0,6.0,86.94750213623047,2.0740740299224854,,,,,,,,
/Concrete Open-Bottom Arch/Concrete/Categories/Category 2/Sub Category 1,12,14.0,7.0,90.44499969482422,2.0,,,,,,,,
/Concrete Open-Bottom Arch/Concrete/Categories/Category 2/Sub Category 1,13,14.0,7.0,93.94249725341797,1.9310344457626343,The selected span to rise ratio is outside of the range tested.,,,,,,,
/Concrete Open-Bottom Arch/Concrete/Categories/Category 2/Sub Category 1,14,14.0,7.0,97.44000244140625,1.8666666746139526,The selected span to rise ratio is outside of the range tested.,,,,,,,
/Concrete Open-Bottom Arch/Concrete/Categories/Category 2/Sub Category 1,15,14.0,7.0,100.9375,1.8064515590667725,The selected span to rise ratio is outside of the range tested.,,,,,,,
/Concrete Open-Bottom Arch/Concrete/Categories/Category 2/Sub Category 1,16,14.0,8.0,104.43499755859375,1.75,The selected span to rise ratio is outside of the range tested.,,,,,,,
/Concrete Open-Bottom Arch/Concrete/Categories/Category 2/Sub Category 1,17,14.0,8.0,107.93250274658203,1.696969747543335,The selected span to rise ratio is outside of the range tested.,,,,,,,
/Concrete Open-Bottom Arch/Concrete/Categories/Category 2/Sub Category 1,18,14.0,8.0,111.43000030517578,1.6470588445663452,The selected span to rise ratio is outside of the range tested.,,,,,,,
/Concrete Open-Bottom Arch/Concrete/Categories/Category 2/Sub Category 1,19,14.0,8.0,114.92749786376953,1.600000023841858,The selected span to rise ratio is outside of the range tested.,,,,,,,
/Concrete Open-Bottom Arch/Concrete/Categories/Category 2/Sub Category 1,20,14.0,9.0,118.42500305175781,1.5555555820465088,The selected span to rise ratio is outside of the range tested.,,,,,,,
/Concrete Open-Bottom Arch/Concrete/Categories/Category 2/Sub Category 1,21,14.0,9.0,121.92250061035156,1.5135135650634766,The selected span to rise ratio is outside of the range tested.,,,,,,,
/Concrete Open-Bottom Arch/Concrete/Categories/Category 2/Sub Category 1,22,14.0,9.0,125.41999816894531,1.4736841917037964,The selected span to rise ratio is outside of the range tested.,,,,,,,
/Concrete Open-Bottom Arch/Concrete/Categories/Category 2/Sub Category 1,23,14.0,9.0,128.91749572753906,1.4358974695205688,The selected span to rise ratio is outside of the range tested.,,,,,,,
/Concrete Open-Bottom Arch/Concrete/Categories/Category 2/Sub Category 1,24,14.0,10.0,132.4149932861328,1.399999976158142,The selected span to rise ratio is outside of the range tested.,,,,,,,
/Concrete Open-Bottom Arch/Concrete/Categories/Category 3/Sub Category 1,0,16.0,4.0,54.21540069580078,4.0,,,,,,,,
/Concrete Open-Bottom Arch/Concrete/Categories/Category 3/Sub Category 1,1,16.0,4.0,58.21289825439453,3.7647058963775635,,,,,,,,
/Concrete Open-Bottom Arch/Concrete/Categories/Category 3/Sub Category 1,2,16.0,4.0,62.21039962768555,3.555555582046509,,,,,,,,
/Concrete Open-Bottom Arch/Concrete/Categories/Category 3/Sub Category 1,3,16.0,4.0,66.20790100097656,3.3684210777282715,,,,,,,,
/Concrete Open-Bottom Arch/Concrete/Categories/Category 3/Sub Category 1,4,16.0,5.0,70.20539855957031,3.200000047683716,,,,,,,,
/Concrete Open-Bottom Arch/Concrete/Categories/Category 3/Sub Category 1,5,16.0,5.0,74.2029037475586,3.047619104385376,,,,,,,,
/Concrete Open-Bottom Arch/Concrete/Categories/Category 3/Sub Category 1,6,16.0,5.0,78.20040130615234,2.909090995788574,,,,,,,,
/Concrete Open-Bottom Arch/Concrete/Categories/Category 3/Sub Category 1,7,16.0,5.0,82.1978988647461,2.7826087474823,,,,,,,,
/Concrete Open-Bottom Arch/Concrete/Categories/Category 3/Sub Category 1,8,16.0,6.0,86.19539642333984,2.6666667461395264,,,,,,,,
/Concrete Open-Bottom Arch/Concrete/Categories/Category 3/Sub Category 1,9,16.0,6.0,90.19290161132812,2.559999942779541,,,,,,,,
/Concrete Open-Bottom Arch/Concrete/Categories/Category 3/Sub Category 1,10,16.0,6.0,94.19039916992188,2.461538553237915,,,,,,,,
/Concrete Open-Bottom Arch/Concrete/Categories/Category 3/Sub Category 1,11,16.0,6.0,98.18789672851562,2.370370388031006,,,,,,,,
/Concrete Open-Bottom Arch/Concrete/Categories/Category 3/Sub Category 1,12,16.0,7.0,102.1854019165039,2.2857143878936768,,,,,,,,
/Concrete Open-Bottom Arch/Concrete/Categories/Category 3/Sub Category 1,13,16.0,7.0,106.18289947509766,2.2068965435028076,,,,,,,,
/Concrete Open-Bottom Arch/Concrete/Categories/Category 3/Sub Category 1,14,16.0,7.0,110.1803970336914,2.133333444595337,,,,,,,,
/Concrete Open-Bottom Arch/Concrete/Categories/Category 3/Sub Category 1,15,16.0,7.0,114.17790222167969,2.064516067504883,,,,,,,,
/Concrete Open-Bottom Arch/Concrete/Categories/Category 3/Sub Category 1,16,16.0,8.0,118.17539978027344,2.0,,,,,,,,
/Concrete Open-Bottom Arch/Concrete/Categories/Category 3/Sub Category 1,17,16.0,8.0,122.17289733886719,1.9393939971923828,The selected span to rise ratio is outside of the range tested.,,,,,,,
/Concrete Open-Bottom Arch/Concrete/Categories/Category 3/Sub Category 1,18,16.0,8.0,126.17040252685547,1.8823529481887817,The selected span to rise ratio is outside of the range tested.,,,,,,,
/Concrete Open-Bottom Arch/Concrete/Categories/Category 3/Sub Category 1,19,16.0,8.0,130.1678924560547,1.8285714387893677,The selected span to rise ratio is outside of the range tested.,,,,,,,
/Concrete Open-Bottom Arch/Concrete/Categories/Category 3/Sub Category 1,20,16.0,9.0,134.1654052734375,1.7777777910232544,The selected span to rise ratio is outside of the range tested.,,,,,,,
/Concrete Open-Bottom Arch/Concrete/Categories/Category 3/Sub Category 1,21,16.0,9.0,138.16290283203125,1.7297297716140747,The selected span to rise ratio is outside of the range tested.,,,,,,,
/Concrete Open-Bottom Arch/Concrete/Categories/Category 3/Sub Category 1,22,16.0,9.0,142.160400390625,1.6842105388641357,The selected span to rise ratio is outside of the range tested.,,,,,,,
/Concrete Open-Bottom Arch/Concrete/Categories/Category 3/Sub Category 1,23,16.0,9.0,146.15789794921875,1.6410256624221802,The selected span to rise ratio is outside of the range tested.,,,,,,,
/Concrete Open-Bottom Arch/Concrete/Categories/Category 3/Sub Category 1,24,16.0,10.0,150.1553955078125,1.600000023841858,The selected span to rise ratio is outside of the range tested.,,,,,,,
/Concrete Open-Bottom Arch/Concrete/Categories/Category 4/Sub Category 1,0,20.0,5.0,83.25060272216797,4.0,,,,,,,,
/Concrete Open-Bottom Arch/Concrete/Categories/Category 4/Sub Category 1,1,20.0,5.0,88.24810028076172,3.809523820877075,,,,,,,,
/Concrete Open-Bottom Arch/Concrete/Categories/Category 4/Sub Category 1,2,20.0,5.0,93.24559783935547,3.6363637447357178,,,,,,,,
/Concrete Open-Bottom Arch/Concrete/Categories/Category 4/Sub Category 1,3,20.0,5.0,98.24310302734375,3.4782607555389404,,,,,,,,
/Concrete Open-Bottom Arch/Concrete/Categories/Category 4/Sub Category 1,4,20.0,6.0,103.2406005859375,3.3333332538604736,,,,,,,,
/Concrete Open-Bottom Arch/Concrete/Categories/Category 4/Sub Category 1,5,20.0,6.0,108.23809814453125,3.200000047683716,,,,,,,,
/Concrete Open-Bottom Arch/Concrete/Categories/Category 4/Sub Category 1,6,20.0,6.0,113.23560333251953,3.076923131942749,,,,,,,,
/Concrete Open-Bottom Arch/Concrete/Categories/Category 4/Sub Category 1,7,20.0,6.0,118.23310089111328,2.9629628658294678,,,,,,,,
/Concrete Open-Bottom Arch/Concrete/Categories/Category 4/Sub Category 1,8,20.0,7.0,123.23059844970703,2.857142925262451,,,,,,,,
/Concrete Open-Bottom Arch/Concrete/Categories/Category 4/Sub Category 1,9,20.0,7.0,128.2281036376953,2.7586207389831543,,,,,,,,
/Concrete Open-Bottom Arch/Concrete/Categories/Category 4/Sub Category 1,10,20.0,7.0,133.22560119628906,2.6666667461395264,,,,,,,,
/Concrete Open-Bottom Arch/Concrete/Categories/Category 4/Sub Category 1,11,20.0,7.0,138.2230987548828,2.5806450843811035,,,,,,,,
/Concrete Open-Bottom Arch/Concrete/Categories/Category 4/Sub Category 1,12,20.0,8.0,143.22059631347656,2.5,,,,,,,,
/Concrete Open-Bottom Arch/Concrete/Categories/Category 4/Sub Category 1,13,20.0,8.0,148.2180938720703,2.4242424964904785,,,,,,,,
/Concrete Open-Bottom Arch/Concrete/Categories/Category 4/Sub Category 1,14,20.0,8.0,153.21560668945312,2.3529412746429443,,,,,,,,
/Concrete Open-Bottom Arch/Concrete/Categories/Category 4/Sub Category 1,15,20.0,8.0,158.21310424804688,2.2857143878936768,,,,,,,,
/Concrete Open-Bottom Arch/Concrete/Categories/Category 4/Sub Category 1,16,20.0,9.0,163.21060180664062,2.222222328186035,,,,,,,,
/Concrete Open-Bottom Arch/Concrete/Categories/Category 4/Sub Category 1,17,20.0,9.0,168.20809936523438,2.1621620655059814,,,,,,,,
/Concrete Open-Bottom Arch/Concrete/Categories/Category 4/Sub Category 1,18,20.0,9.0,173.20559692382812,2.1052632331848145,,,,,,,,
/Concrete Open-Bottom Arch/Concrete/Categories/Category 4/Sub Category 1,19,20.0,9.0,178.20309448242188,2.0512821674346924,,,,,,,,
/Concrete Open-Bottom Arch/Concrete/Categories/Category 4/Sub Category 1,20,20.0,10.0,183.2006072998047,2.0,,,,,,,,
/Concrete Open-Bottom Arch/Concrete/Categories/Category 4/Sub Category 1,21,20.0,10.0,188.19810485839844,1.9512195587158203,The selected span to rise ratio is outside of the range tested.,,,,,,,
/Concrete Open-Bottom Arch/Concrete/Categories/Category 4/Sub Category 1,22,20.0,10.0,193.1956024169922,1.9047619104385376,The selected span to rise ratio is outside of the range tested.,,,,,,,
/Concrete Open-Bottom Arch/Concrete/Categories/Category 4/Sub Category 1,23,20.0,10.0,198.19309997558594,1.860465168952942,The selected span to rise ratio is outside of the range tested.,,,,,,,
/Concrete Open-Bottom Arch/Concrete/Categories/Category 4/Sub Category 1,24,20.0,11.0,203.1905975341797,1.8181818723678589,The selected span to rise ratio is outside of the range tested.,,,,,,,
/Concrete Open-Bottom Arch/Concrete/Categories/Category 5/Sub Category 1,0,24.0,5.0,92.3740005493164,4.800000190734863,The selected span to rise ratio is outside of the range tested.,,,,,,,
/Concrete Open-Bottom Arch/Concrete/Categories/Category 5/Sub Category 1,1,24.0,5.0,98.37149810791016,4.5714287757873535,The selected span to rise ratio is outside of the range tested.,,,,,,,
/Concrete Open-Bottom Arch/Concrete/Categories/Category 5/Sub Category 1,2,24.0,5.0,104.36900329589844,4.363636493682861,The selected span to rise ratio is outside of the range tested.,,,,,,,
/Concrete Open-Bottom Arch/Concrete/Categories/Category 5/Sub Category 1,3,24.0,5.0,110.36650085449219,4.17391300201416,The selected span to rise ratio is outside of the range tested.,,,,,,,
/Concrete Open-Bottom Arch/Concrete/Categories/Category 5/Sub Category 1,4,24.0,6.0,116.36399841308594,4.0,,,,,,,,
/Concrete Open-Bottom Arch/Concrete/Categories/Category 5/Sub Category 1,5,24.0,6.0,122.36150360107422,3.8399999141693115,,,,,,,,
/Concrete Open-Bottom Arch/Concrete/Categories/Category 5/Sub Category 1,6,24.0,6.0,128.35899353027344,3.692307710647583,,,,,,,,
/Concrete Open-Bottom Arch/Concrete/Categories/Category 5/Sub Category 1,7,24.0,6.0,134.35650634765625,3.555555582046509,,,,,,,,
/Concrete Open-Bottom Arch/Concrete/Categories/Category 5/Sub Category 1,8,24.0,7.0,140.35400390625,3.4285714626312256,,,,,,,,
/Concrete Open-Bottom Arch/Concrete/Categories/Category 5/Sub Category 1,9,24.0,7.0,146.35150146484375,3.310344934463501,,,,,,,,
/Concrete Open-Bottom Arch/Concrete/Categories/Category 5/Sub Category 1,10,24.0,7.0,152.3489990234375,3.200000047683716,,,,,,,,
/Concrete Open-Bottom Arch/Concrete/Categories/Category 5/Sub Category 1,11,24.0,7.0,158.34649658203125,3.096774101257324,,,,,,,,
/Concrete Open-Bottom Arch/Concrete/Categories/Category 5/Sub Category 1,12,24.0,8.0,164.343994140625,3.0,,,,,,,,
/Concrete Open-Bottom Arch/Concrete/Categories/Category 5/Sub Category 1,13,24.0,8.0,170.3415069580078,2.909090995788574,,,,,,,,
/Concrete Open-Bottom Arch/Concrete/Categories/Category 5/Sub Category 1,14,24.0,8.0,176.33900451660156,2.8235294818878174,,,,,,,,
/Concrete Open-Bottom Arch/Concrete/Categories/Category 5/Sub Category 1,15,24.0,8.0,182.3365020751953,2.7428572177886963,,,,,,,,
/Concrete Open-Bottom Arch/Concrete/Categories/Category 5/Sub Category 1,16,24.0,9.0,188.33399963378906,2.6666667461395264,,,,,,,,
/Concrete Open-Bottom Arch/Concrete/Categories/Category 5/Sub Category 1,17,24.0,9.0,194.3314971923828,2.5945944786071777,,,,,,,,
/Concrete Open-Bottom Arch/Concrete/Categories/Category 5/Sub Category 1,18,24.0,9.0,200.32899475097656,2.526315689086914,,,,,,,,
/Concrete Open-Bottom Arch/Concrete/Categories/Category 5/Sub Category 1,19,24.0,9.0,206.32650756835938,2.461538553237915,,,,,,,,
/Concrete Open-Bottom Arch/Concrete/Categories/Category 5/Sub Category 1,20,24.0,10.0,212.32400512695312,2.4000000953674316,,,,,,,,
/Concrete Open-Bottom Arch/Concrete/Categories/Category 5/Sub Category 1,21,24.0,10.0,218.32150268554688,2.341463327407837,,,,,,,,
/Concrete Open-Bottom Arch/Concrete/Categories/Category 5/Sub Category 1,22,24.0,10.0,224.31900024414062,2.2857143878936768,,,,,,,,
/Concrete Open-Bottom Arch/Concrete/Categories/Category 5/Sub Category 1,23,24.0,10.0,230.31649780273438,2.232558250427246,,,,,,,,
/Concrete Open-Bottom Arch/Concrete/Categories/Category 5/Sub Category 1,24,24.0,11.0,236.31399536132812,2.1818182468414307,,,,,,,,
/Concrete Open-Bottom Arch/Concrete/Categories/Category 6/Sub Category 1,0,28.0,6.0,135.61880493164062,4.666666507720947,The selected span to rise ratio is outside of the range tested.,,,,,,,
/Concrete Open-Bottom Arch/Concrete/Categories/Category 6/Sub Category 1,1,28.0,6.0,142.61630249023438,4.480000019073486,The selected span to rise ratio is outside of the range tested.,,,,,,,
/Concrete Open-Bottom Arch/Concrete/Categories/Category 6/Sub Category 1,2,28.0,6.0,149.61380004882812,4.307692527770996,The selected span to rise ratio is outside of the range tested.,,,,,,,
/Concrete Open-Bottom Arch/Concrete/Categories/Category 6/Sub Category 1,3,28.0,6.0,156.61129760742188,4.148148059844971,The selected span to rise ratio is outside of the range tested.,,,,,,,
/Concrete Open-Bottom Arch/Concrete/Categories/Category 6/Sub Category 1,4,28.0,7.0,163.60879516601562,4.0,,,,,,,,
/Concrete Open-Bottom Arch/Concrete/Categories/Category 6/Sub Category 1,5,28.0,7.0,170.60629272460938,3.8620688915252686,,,,,,,,
/Concrete Open-Bottom Arch/Concrete/Categories/Category 6/Sub Category 1,6,28.0,7.0,177.6038055419922,3.7333333492279053,,,,,,,,
/Concrete Open-Bottom Arch/Concrete/Categories/Category 6/Sub Category 1,7,28.0,7.0,184.60130310058594,3.612903118133545,,,,,,,,
/Concrete Open-Bottom Arch/Concrete/Categories/Category 6/Sub Category 1,8,28.0,8.0,191.5988006591797,3.5,,,,,,,,
/Concrete Open-Bottom Arch/Concrete/Categories/Category 6/Sub Category 1,9,28.0,8.0,198.59629821777344,3.39393949508667,,,,,,,,
/Concrete Open-Bottom Arch/Concrete/Categories/Category 6/Sub Category 1,10,28.0,8.0,205.5937957763672,3.2941176891326904,,,,,,,,
/Concrete Open-Bottom Arch/Concrete/Categories/Category 6/Sub Category 1,11,28.0,8.0,212.59129333496094,3.200000047683716,,,,,,,,
/Concrete Open-Bottom Arch/Concrete/Categories/Category 6/Sub Category 1,12,28.0,9.0,219.58880615234375,3.1111111640930176,,,,,,,,
/Concrete Open-Bottom Arch/Concrete/Categories/Category 6/Sub Category 1,13,28.0,9.0,226.5863037109375,3.027027130126953,,,,,,,,
/Concrete Open-Bottom Arch/Concrete/Categories/Category 6/Sub Category 1,14,28.0,9.0,233.58380126953125,2.9473683834075928,,,,,,,,
/Concrete Open-Bottom Arch/Concrete/Categories/Category 6/Sub Category 1,15,28.0,9.0,240.581298828125,2.8717949390411377,,,,,,,,
/Concrete Open-Bottom Arch/Concrete/Categories/Category 6/Sub Category 1,16,28.0,10.0,247.57879638671875,2.799999952316284,,,,,,,,
/Concrete Open-Bottom Arch/Concrete/Categories/Category 6/Sub Category 1,17,28.0,10.0,254.5762939453125,2.7317073345184326,,,,,,,,
/Concrete Open-Bottom Arch/Concrete/Categories/Category 6/Sub Category 1,18,28.0,10.0,261.57379150390625,2.6666667461395264,,,,,,,,
/Concrete Open-Bottom Arch/Concrete/Categories/Category 6/Sub Category 1,19,28.0,10.0,268.5712890625,2.6046512126922607,,,,,,,,
/Concrete Open-Bottom Arch/Concrete/Categories/Category 6/Sub Category 1,20,28.0,11.0,275.56878662109375,2.545454502105713,,,,,,,,
/Concrete Open-Bottom Arch/Concrete/Categories/Category 6/Sub Category 1,21,28.0,11.0,282.5663146972656,2.48888897895813,,,,,,,,
/Concrete Open-Bottom Arch/Concrete/Categories/Category 6/Sub Category 1,22,28.0,11.0,289.5638122558594,2.4347825050354004,,,,,,,,
/Concrete Open-Bottom Arch/Concrete/Categories/Category 6/Sub Category 1,23,28.0,11.0,296.5613098144531,2.382978677749634,,,,,,,,
/Concrete Open-Bottom Arch/Concrete/Categories/Category 6/Sub Category 1,24,28.0,12.0,303.5588073730469,2.3333332538604736,,,,,,,,
/Concrete Open-Bottom Arch/Concrete/Categories/Category 7/Sub Category 1,0,32.0,7.0,179.18649291992188,4.5714287757873535,The selected span to rise ratio is outside of the range tested.,,,,,,,
/Concrete Open-Bottom Arch/Concrete/Categories/Category 7/Sub Category 1,1,32.0,7.0,187.1840057373047,4.413793087005615,The selected span to rise ratio is outside of the range tested.,,,,,,,
/Concrete Open-Bottom Arch/Concrete/Categories/Category 7/Sub Category 1,2,32.0,7.0,195.18150329589844,4.266666889190674,The selected span to rise ratio is outside of the range tested.,,,,,,,
/Concrete Open-Bottom Arch/Concrete/Categories/Category 7/Sub Category 1,3,32.0,7.0,203.1790008544922,4.129032135009766,The selected span to rise ratio is outside of the range tested.,,,,,,,
/Concrete Open-Bottom Arch/Concrete/Categories/Category 7/Sub Category 1,4,32.0,8.0,211.17649841308594,4.0,,,,,,,,
/Concrete Open-Bottom Arch/Concrete/Categories/Category 7/Sub Category 1,5,32.0,8.0,219.1739959716797,3.8787879943847656,,,,,,,,
/Concrete Open-Bottom Arch/Concrete/Categories/Category 7/Sub Category 1,6,32.0,8.0,227.17149353027344,3.7647058963775635,,,,,,,,
/Concrete Open-Bottom Arch/Concrete/Categories/Category 7/Sub Category 1,7,32.0,8.0,235.16900634765625,3.6571428775787354,,,,,,,,
/Concrete Open-Bottom Arch/Concrete/Categories/Category 7/Sub Category 1,8,32.0,9.0,243.16650390625,3.555555582046509,,,,,,,,
/Concrete Open-Bottom Arch/Concrete/Categories/Category 7/Sub Category 1,9,32.0,9.0,251.16400146484375,3.4594595432281494,,,,,,,,
/Concrete Open-Bottom Arch/Concrete/Categories/Category 7/Sub Category 1,10,32.0,9.0,259.1614990234375,3.3684210777282715,,,,,,,,
/Concrete Open-Bottom Arch/Concrete/Categories/Category 7/Sub Category 1,11,32.0,9.0,267.15899658203125,3.2820513248443604,,,,,,,,
/Concrete Open-Bottom Arch/Concrete/Categories/Category 7/Sub Category 1,12,32.0,10.0,275.156494140625,3.200000047683716,,,,,,,,
/Concrete Open-Bottom Arch/Concrete/Categories/Category 7/Sub Category 1,13,32.0,10.0,283.15399169921875,3.121951103210449,,,,,,,,
/Concrete Open-Bottom Arch/Concrete/Categories/Category 7/Sub Category 1,14,32.0,10.0,291.1514892578125,3.047619104385376,,,,,,,,
/Concrete Open-Bottom Arch/Concrete/Categories/Category 7/Sub Category 1,15,32.0,10.0,299.14898681640625,2.9767441749572754,,,,,,,,
/Concrete Open-Bottom Arch/Concrete/Categories/Category 7/Sub Category 1,16,32.0,11.0,307.1465148925781,2.909090995788574,,,,,,,,
/Concrete Open-Bottom Arch/Concrete/Categories/Category 7/Sub Category 1,17,32.0,11.0,315.1440124511719,2.844444513320923,,,,,,,,
/Concrete Open-Bottom Arch/Concrete/Categories/Category 7/Sub Category 1,18,32.0,11.0,323.1415100097656,2.7826087474823,,,,,,,,
/Concrete Open-Bottom Arch/Concrete/Categories/Category 7/Sub Category 1,19,32.0,11.0,331.1390075683594,2.7234041690826416,,,,,,,,
/Concrete Open-Bottom Arch/Concrete/Categories/Category 7/Sub Category 1,20,32.0,12.0,339.1365051269531,2.6666667461395264,,,,,,,,
/Concrete Open-Bottom Arch/Concrete/Categories/Category 7/Sub Category 1,21,32.0,12.0,347.1340026855469,2.6122448444366455,,,,,,,,
/Concrete Open-Bottom Arch/Concrete/Categories/Category 7/Sub Category 1,22,32.0,12.0,355.1315002441406,2.559999942779541,,,,,,,,
/Concrete Open-Bottom Arch/Concrete/Categories/Category 7/Sub Category 1,23,32.0,12.0,363.1289978027344,2.5098040103912354,,,,,,,,
/Concrete Open-Bottom Arch/Concrete/Categories/Category 7/Sub Category 1,24,32.0,13.0,371.1264953613281,2.461538553237915,,,,,,,,
/Concrete Open-Bottom Arch/Concrete/Categories/Category 8/Sub Category 1,0,36.0,8.0,227.09860229492188,4.5,The selected span to rise ratio is outside of the range tested.,,,,,,,
/Concrete Open-Bottom Arch/Concrete/Categories/Category 8/Sub Category 1,1,36.0,8.0,236.09609985351562,4.363636493682861,The selected span to rise ratio is outside of the range tested.,,,,,,,
/Concrete Open-Bottom Arch/Concrete/Categories/Category 8/Sub Category 1,2,36.0,8.0,245.09359741210938,4.235294342041016,The selected span to rise ratio is outside of the range tested.,,,,,,,
/Concrete Open-Bottom Arch/Concrete/Categories/Category 8/Sub Category 1,3,36.0,8.0,254.09109497070312,4.114285945892334,The selected span to rise ratio is outside of the range tested.,,,,,,,
/Concrete Open-Bottom Arch/Concrete/Categories/Category 8/Sub Category 1,4,36.0,9.0,263.0885925292969,4.0,,,,,,,,
/Concrete Open-Bottom Arch/Concrete/Categories/Category 8/Sub Category 1,5,36.0,9.0,272.0860900878906,3.8918919563293457,,,,,,,,
/Concrete Open-Bottom Arch/Concrete/Categories/Category 8/Sub Category 1,6,36.0,9.0,281.0835876464844,3.78947377204895,,,,,,,,
/Concrete Open-Bottom Arch/Concrete/Categories/Category 8/Sub Category 1,7,36.0,9.0,290.0810852050781,3.692307710647583,,,,,,,,
/Concrete Open-Bottom Arch/Concrete/Categories/Category 8/Sub Category 1,8,36.0,10.0,299.07861328125,3.5999999046325684,,,,,,,,
/Concrete Open-Bottom Arch/Concrete/Categories/Category 8/Sub Category 1,9,36.0,10.0,308.07611083984375,3.512195110321045,,,,,,,,
/Concrete Open-Bottom Arch/Concrete/Categories/Category 8/Sub Category 1,10,36.0,10.0,317.0736083984375,3.4285714626312256,,,,,,,,
/Concrete Open-Bottom Arch/Concrete/Categories/Category 8/Sub Category 1,11,36.0,10.0,326.07110595703125,3.34883713722229,,,,,,,,
/Concrete Open-Bottom Arch/Concrete/Categories/Category 8/Sub Category 1,12,36.0,11.0,335.068603515625,3.2727272510528564,,,,,,,,
/Concrete Open-Bottom Arch/Concrete/Categories/Category 8/Sub Category 1,13,36.0,11.0,344.06610107421875,3.200000047683716,,,,,,,,
/Concrete Open-Bottom Arch/Concrete/Categories/Category 8/Sub Category 1,14,36.0,11.0,353.0635986328125,3.13043475151062,,,,,,,,
/Concrete Open-Bottom Arch/Concrete/Categories/Category 8/Sub Category 1,15,36.0,11.0,362.06109619140625,3.0638298988342285,,,,,,,,
/Concrete Open-Bottom Arch/Concrete/Categories/Category 8/Sub Category 1,16,36.0,12.0,371.05859375,3.0,,,,,,,,
/Concrete Open-Bottom Arch/Concrete/Categories/Category 8/Sub Category 1,17,36.0,12.0,380.05609130859375,2.9387755393981934,,,,,,,,
/Concrete Open-Bottom Arch/Concrete/Categories/Category 8/Sub Category 1,18,36.0,12.0,389.0535888671875,2.880000114440918,,,,,,,,
/Concrete Open-Bottom Arch/Concrete/Categories/Category 8/Sub Category 1,19,36.0,12.0,398.05108642578125,2.8235294818878174,,,,,,,,
/Concrete Open-Bottom Arch/Concrete/Categories/Category 8/Sub Category 1,20,36.0,13.0,407.0486145019531,2.769230842590332,,,,,,,,
/Concrete Open-Bottom Arch/Concrete/Categories/Category 8/Sub Category 1,21,36.0,13.0,416.0461120605469,2.7169811725616455,,,,,,,,
/Concrete Open-Bottom Arch/Concrete/Categories/Category 8/Sub Category 1,22,36.0,13.0,425.0436096191406,2.6666667461395264,,,,,,,,
/Concrete Open-Bottom Arch/Concrete/Categories/Category 8/Sub Category 1,23,36.0,13.0,434.0411071777344,2.6181817054748535,,,,,,,,
/Concrete Open-Bottom Arch/Concrete/Categories/Category 8/Sub Category 1,24,36.0,14.0,443.0386047363281,2.5714285373687744,,,,,,,,
/Concrete Open-Bottom Arch/Concrete/Categories/Category 9/Sub Category 1,0,42.0,10.0,324.85809326171875,4.199999809265137,The selected span to rise ratio is outside of the range tested.,,,,,,,
/Concrete Open-Bottom Arch/Concrete/Categories/Category 9/Sub Category 1,1,42.0,10.0,335.3555908203125,4.097560882568359,The selected span to rise ratio is outside of the range tested.,,,,,,,
/Concrete Open-Bottom Arch/Concrete/Categories/Category 9/Sub Category 1,2,42.0,10.0,345.85308837890625,4.0,,,,,,,,
/Concrete Open-Bottom Arch/Concrete/Categories/Category 9/Sub Category 1,3,42.0,10.0,356.3505859375,3.9069766998291016,,,,,,,,
/Concrete Open-Bottom Arch/Concrete/Categories/Category 9/Sub Category 1,4,42.0,11.0,366.8481140136719,3.8181817531585693,,,,,,,,
/Concrete Open-Bottom Arch/Concrete/Categories/Category 9/Sub Category 1,5,42.0,11.0,377.3456115722656,3.7333333492279053,,,,,,,,
/Concrete Open-Bottom Arch/Concrete/Categories/Category 9/Sub Category 1,6,42.0,11.0,387.8431091308594,3.6521739959716797,,,,,,,,
/Concrete Open-Bottom Arch/Concrete/Categories/Category 9/Sub Category 1,7,42.0,11.0,398.3406066894531,3.5744681358337402,,,,,,,,
/Concrete Open-Bottom Arch/Concrete/Categories/Category 9/Sub Category 1,8,42.0,12.0,408.8381042480469,3.5,,,,,,,,
/Concrete Open-Bottom Arch/Concrete/Categories/Category 9/Sub Category 1,9,42.0,12.0,419.3356018066406,3.4285714626312256,,,,,,,,
/Concrete Open-Bottom Arch/Concrete/Categories/Category 9/Sub Category 1,10,42.0,12.0,429.8330993652344,3.359999895095825,,,,,,,,
/Concrete Open-Bottom Arch/Concrete/Categories/Category 9/Sub Category 1,11,42.0,12.0,440.3305969238281,3.2941176891326904,,,,,,,,
/Concrete Open-Bottom Arch/Concrete/Categories/Category 9/Sub Category 1,12,42.0,13.0,450.8280944824219,3.230769157409668,,,,,,,,
/Concrete Open-Bottom Arch/Concrete/Categories/Category 9/Sub Category 1,13,42.0,13.0,461.3255920410156,3.169811248779297,,,,,,,,
/Concrete Open-Bottom Arch/Concrete/Categories/Category 9/Sub Category 1,14,42.0,13.0,471.8230895996094,3.1111111640930176,,,,,,,,
/Concrete Open-Bottom Arch/Concrete/Categories/Category 9/Sub Category 1,15,42.0,13.0,482.3205871582031,3.0545454025268555,,,,,,,,
/Concrete Open-Bottom Arch/Concrete/Categories/Category 9/Sub Category 1,16,42.0,14.0,492.818115234375,3.0,,,,,,,,
/Concrete Open-Bottom Arch/Concrete/Categories/Category 9/Sub Category 1,17,42.0,14.0,503.31561279296875,2.9473683834075928,,,,,,,,
/Concrete Open-Bottom Arch/Concrete/Categories/Category 9/Sub Category 1,18,42.0,14.0,513.8131103515625,2.8965516090393066,,,,,,,,
/Concrete Open-Bottom Arch/Concrete/Categories/Category 9/Sub Category 1,19,42.0,14.0,524.3106079101562,2.8474576473236084,,,,,,,,
/Concrete Open-Bottom Arch/Concrete/Categories/Category 9/Sub Category 1,20,42.0,15.0,534.80810546875,2.799999952316284,,,,,,,,
/Concrete Open-Bottom Arch/Concrete/Categories/Category 9/Sub Category 1,21,42.0,15.0,545.3056030273438,2.754098415374756,,,,,,,,
/Concrete Open-Bottom Arch/Concrete/Categories/Category 9/Sub Category 1,22,42.0,15.0,555.8031005859375,2.7096774578094482,,,,,,,,
/Concrete Open-Bottom Arch/Concrete/Categories/Category 9/Sub Category 1,23,42.0,15.0,566.3005981445312,2.6666667461395264,,,,,,,,
/Concrete Open-Bottom Arch/Concrete/Categories/Category 9/Sub Category 1,24,42.0,16.0,576.798095703125,2.625,,,,,,,,
/Elliptical/Concrete/Categories/Category 1/Sub Category 1,0,23.0,14.0,1.8200000524520874,,,0.012000000104308128,19.940000534057617,19.940000534057617,6.090000152587891,7.0,,
/Elliptical/Concrete/Categories/Category 1/Sub Category 1,1,30.0,19.0,3.2200000286102295,,,0.012000000104308128,26.239999771118164,26.239999771118164,8.210000038146973,9.5,,
/Elliptical/Concrete/Categories/Category 1/Sub Category 1,2,34.0,22.0,4.099999904632568,,,0.012000000104308128,29.25,29.25,9.25,11.0,,
/Elliptical/Concrete/Categories/Category 1/Sub Category 1,3,38.0,24.0,5.130000114440918,,,0.012000000104308128,32.79999923706055,32.79999923706055,10.260000228881836,12.0,,
/Elliptical/Concrete/Categories/Category 1/Sub Category 1,4,42.0,27.0,6.369999885559082,,,0.012000000104308128,36.20000076293945,36.20000076293945,11.449999809265137,13.5,,
/Elliptical/Concrete/Categories/Category 1/Sub Category 1,5,45.0,29.0,7.340000152587891,,,0.012000000104308128,39.36000061035156,39.36000061035156,12.319999694824219,14.5,,
/Elliptical/Concrete/Categories/Category 1/Sub Category 1,6,49.0,32.0,8.8100004196167,,,0.012000000104308128,42.65999984741211,42.65999984741211,13.550000190734863,16.0,,
/Elliptical/Concrete/Categories/Category 1/Sub Category 1,7,53.0,34.0,10.149999618530273,,,0.012000000104308128,45.900001525878906,45.900001525878906,14.600000381469727,17.0,,
/Elliptical/Concrete/Categories/Category 1/Sub Category 1,8,60.0,38.0,12.850000381469727,,,0.012000000104308128,51.599998474121094,51.599998474121094,16.43000030517578,19.0,,
/Elliptical/Concrete/Categories/Category 1/Sub Category 1,9,68.0,43.0,16.489999771118164,,,0.012000000104308128,58.400001525878906,58.400001525878906,18.649999618530273,21.5,,
/Elliptical/Concrete/Categories/Category 1/Sub Category 1,10,76.0,48.0,20.549999237060547,,,0.012000000104308128,65.08999633789062,65.08999633789062,20.670000076293945,24.0,,
/Elliptical/Concrete/Categories/Category 1/Sub Category 1,11,83.0,53.0,24.770000457763672,,,0.012000000104308128,71.5199966430664,71.5199966430664,22.75,26.5,,
/Elliptical/Concrete/Categories/Category 1/Sub Category 1,12,91.0,58.0,29.690000534057617,,,0.012000000104308128,77.94999694824219,77.94999694824219,24.84000015258789,29.0,,
/Elliptical/Concrete/Categories/Category 1/Sub Category 1,13,98.0,63.0,34.72999954223633,,,0.012000000104308128,84.37999725341797,84.37999725341797,26.93000030517578,31.5,,
/Elliptical/Concrete/Categories/Category 1/Sub Category 1,14,106.0,68.0,40.529998779296875,,,0.012000000104308128,90.80999755859375,90.80999755859375,29.020000457763672,34.0,,
/Elliptical/Concrete/Categories/Category 1/Sub Category 1,15,113.0,72.0,45.849998474121094,,,0.012000000104308128,97.23999786376953,97.23999786376953,31.110000610351562,36.0,,
/Elliptical/Concrete/Categories/Category 1/Sub Category 1,16,121.0,77.0,52.470001220703125,,,0.012000000104308128,103.66000366210938,103.66000366210938,33.189998626708984,38.5,,
/Elliptical/Concrete/Categories/Category 1/Sub Category 1,17,128.0,82.0,59.20000076293945,,,0.012000000104308128,110.0,110.0,35.25,41.0,,
/Elliptical/Concrete/Categories/Category 1/Sub Category 1,18,136.0,87.0,66.61000061035156,,,0.012000000104308128,116.2699966430664,116.2699966430664,37.45000076293945,43.5,,
/Elliptical/Concrete/Categories/Category 1/Sub Category 1,19,143.0,92.0,74.0,,,0.012000000104308128,122.75,122.75,39.5,46.0,,
/Elliptical/Concrete/Categories/Category 1/Sub Category 1,20,151.0,97.0,82.4000015258789,,,0.012000000104308128,129.1300048828125,129.1300048828125,41.619998931884766,48.5,,
/Elliptical/Concrete/Categories/Category 1/Sub Category 1,21,166.0,106.0,99.19999694824219,,,0.012000000104308128,142.0,142.0,45.75,53.0,,
/Elliptical/Concrete/Categories/Category 1/Sub Category 1,22,180.0,116.0,118.5999984741211,,,0.012000000104308128,154.75,154.75,50.0,58.0,,
/Elliptical/Steel or Aluminum/Categories/Category 1/Sub Category 1,0,232.0,153.0,190.9199981689453,,,0.03400000184774399,150.0,150.0,54.0,76.5,,
/Elliptical/Steel or Aluminum/Categories/Category 1/Sub Category 1,1,241.0,156.0,201.85000610351562,,,0.03400000184774399,157.0,157.0,54.0,78.0,,
/Elliptical/Steel or Aluminum/Categories/Category 1/Sub Category 1,2,242.0,143.0,183.83999633789062,,,0.03400000184774399,164.0,164.0,43.0,71.5,,
/Elliptical/Steel or Aluminum/Categories/Category 1/Sub Category 1,3,250.0,146.0,193.8000030517578,,,0.03400000184774399,171.0,171.0,43.0,73.0,,
/Elliptical/Steel or Aluminum/Categories/Category 1/Sub Category 1,4,252.0,182.0,248.75999450683594,,,0.032999999821186066,157.0,157.0,71.0,91.0,,
/Elliptical/Steel or Aluminum/Categories/Category 1/Sub Category 1,5,263.0,157.0,219.9199981689453,,,0.032999999821186066,178.0,178.0,49.0,78.5,,
/Elliptical/Steel or Aluminum/Categories/Category 1/Sub Category 1,6,270.0,188.0,274.6099853515625,,,0.032999999821186066,171.0,171.0,71.0,94.0,,
/Elliptical/Steel or Aluminum/Categories/Category 1/Sub Category 1,7,276.0,169.0,249.11000061035156,,,0.032999999821186066,185.0,185.0,54.0,84.5,,
/Elliptical/Steel or Aluminum/Categories/Category 1/Sub Category 1,8,279.0,191.0,287.9100036621094,,,0.032999999821186066,178.0,178.0,71.0,95.5,,
/Elliptical/Steel or Aluminum/Categories/Category 1/Sub Category 1,9,292.0,203.0,320.5,,,0.032999999821186066,185.0,185.0,76.0,101.5,,
/Elliptical/Steel or Aluminum/Categories/Category 1/Sub Category 1,10,294.0,176.0,275.260009765625,,,0.032999999821186066,198.0,198.0,54.0,88.0,,
/Elliptical/Steel or Aluminum/Categories/Category 1/Sub Category 1,11,302.0,179.0,287.45001220703125,,,0.032999999821186066,205.0,205.0,54.0,89.5,,
/Elliptical/Steel or Aluminum/Categories/Category 1/Sub Category 1,12,305.0,201.0,329.9700012207031,,,0.032999999821186066,198.0,198.0,71.0,100.5,,
/Elliptical/Steel or Aluminum/Categories/Category 1/Sub Category 1,13,313.0,218.0,369.0,,,0.032999999821186066,198.0,198.0,82.0,109.0,,
/Elliptical/Steel or Aluminum/Categories/Category 1/Sub Category 1,14,315.0,190.0,318.8599853515625,,,0.032999999821186066,212.0,212.0,59.0,95.0,,
/Elliptical/Steel or Aluminum/Categories/Category 1/Sub Category 1,15,324.0,194.0,334.57000732421875,,,0.032999999821186066,219.0,219.0,59.0,97.0,,
/Elliptical/Steel or Aluminum/Categories/Category 1/Sub Category 1,16,326.0,229.0,403.8900146484375,,,0.032999999821186066,205.0,205.0,87.0,114.5,,
/Elliptical/Steel or Aluminum/Categories/Category 1/Sub Category 1,17,335.0,233.0,421.9200134277344,,,0.032999999821186066,212.0,212.0,87.0,116.5,,
/Elliptical/Steel or Aluminum/Categories/Category 1/Sub Category 1,18,337.0,205.0,368.5199890136719,,,0.032999999821186066,226.0,226.0,65.0,102.5,,
/Elliptical/Steel or Aluminum/Categories/Category 1/Sub Category 1,19,346.0,209.0,385.4200134277344,,,0.032999999821186066,233.0,233.0,65.0,104.5,,
/Elliptical/Steel or Aluminum/Categories/Category 1/Sub Category 1,20,353.0,239.0,455.04998779296875,,,0.032999999821186066,226.0,226.0,87.0,119.5,,
/Elliptical/Steel or Aluminum/Categories/Category 1/Sub Category 1,21,361.0,242.0,471.05999755859375,,,0.032999999821186066,233.0,233.0,87.0,121.0,,
/Elliptical/Steel or Aluminum/Categories/Category 1/Sub Category 1,22,363.0,215.0,415.2099914550781,,,0.032999999821186066,247.0,247.0,65.0,107.5,,
/Elliptical/Steel or Aluminum/Categories/Category 1/Sub Category 1,23,374.0,254.0,512.9099731445312,,,0.032999999821186066,240.0,240.0,93.0,127.0,,
/Elliptical/Steel or Aluminum/Categories/Category 1/Sub Category 1,24,376.0,227.0,454.8699951171875,,,0.032999999821186066,253.0,253.0,71.0,113.5,,
/Elliptical/Steel or Aluminum/Categories/Category 1/Sub Category 1,25,385.0,230.0,471.2799987792969,,,0.032999999821186066,260.0,260.0,71.0,115.0,,
/Elliptical/Steel or Aluminum/Categories/Category 1/Sub Category 1,26,387.0,266.0,556.1799926757812,,,0.032999999821186066,247.0,247.0,98.0,133.0,,
/Elliptical/Steel or Aluminum/Categories/Category 1/Sub Category 1,27,396.0,269.0,574.5800170898438,,,0.032999999821186066,253.0,253.0,98.0,134.5,,
/Elliptical/Steel or Aluminum/Categories/Category 1/Sub Category 1,28,398.0,241.0,511.2300109863281,,,0.032999999821186066,267.0,267.0,76.0,120.5,,
/Elliptical/Steel or Aluminum/Categories/Category 1/Sub Category 1,29,409.0,280.0,618.3200073242188,,,0.032999999821186066,260.0,260.0,104.0,140.0,,
/Elliptical/Steel or Aluminum/Categories/Category 1/Sub Category 1,30,415.0,248.0,547.97998046875,,,0.032999999821186066,281.0,281.0,76.0,124.0,,
/Elliptical/Steel or Aluminum/Categories/Category 1/Sub Category 1,31,419.0,256.0,572.780029296875,,,0.032999999821186066,281.0,281.0,82.0,128.0,,
/Elliptical/Steel or Aluminum/Categories/Category 1/Sub Category 1,32,421.0,292.0,664.5399780273438,,,0.032999999821186066,267.0,267.0,109.0,146.0,,
/Elliptical/Steel or Aluminum/Categories/Category 1/Sub Category 1,33,429.0,309.0,718.530029296875,,,0.032999999821186066,267.0,267.0,120.0,154.5,,
/Elliptical/Steel or Aluminum/Categories/Category 1/Sub Category 1,34,432.0,268.0,619.1900024414062,,,0.032999999821186066,288.0,288.0,87.0,134.0,,
/Elliptical/Steel or Aluminum/Categories/Category 1/Sub Category 1,35,443.0,307.0,735.280029296875,,,0.032999999821186066,281.0,281.0,115.0,153.5,,
/Elliptical/Steel or Aluminum/Categories/Category 1/Sub Category 1,36,446.0,266.0,631.5800170898438,,,0.032999999821186066,302.0,302.0,82.0,133.0,,
/Elliptical/Steel or Aluminum/Categories/Category 1/Sub Category 1,37,456.0,319.0,786.7899780273438,,,0.032999999821186066,288.0,288.0,120.0,159.5,,
/Elliptical/Steel or Aluminum/Categories/Category 1/Sub Category 1,38,464.0,335.0,842.7100219726562,,,0.032999999821186066,288.0,288.0,131.0,167.5,,
/Elliptical/Steel or Aluminum/Categories/Category 1/Sub Category 1,39,480.0,355.0,925.52001953125,,,0.032999999821186066,295.0,295.0,142.0,177.5,,
/High-Profile Arch/Corrugated Aluminum/Categories/Category 1/Sub Category 1,0,,9.0,152.0,,,,,,,,20.0,19.0
/High-Profile Arch/Corrugated Aluminum/Categories/Category 1/Sub Category 1,1,,12.0,214.0,,,,,,,,20.0,18.0
/High-Profile Arch/Corrugated Aluminum/Categories/Category 1/Sub Category 1,2,,11.0,215.0,,,,,,,,21.0,19.0
/High-Profile Arch/Corrugated Aluminum/Categories/Category 1/Sub Category 1,3,,14.0,285.0,,,,,,,,22.0,19.0
/High-Profile Arch/Corrugated Aluminum/Categories/Category 1/Sub Category 1,4,,11.0,225.0,,,,,,,,22.0,20.0
/High-Profile Arch/Corrugated Aluminum/Categories/Category 1/Sub Category 1,5,,14.0,276.0,,,,,,,,22.0,20.0
/High-Profile Arch/Corrugated Aluminum/Categories/Category 1/Sub Category 1,6,,12.0,235.0,,,,,,,,23.0,21.0
/High-Profile Arch/Corrugated Aluminum/Categories/Category 1/Sub Category 1,7,,14.0,310.0,,,,,,,,24.0,21.0
/High-Profile Arch/Corrugated Aluminum/Categories/Category 1/Sub Category 1,8,,12.0,245.0,,,,,,,,23.0,22.0
/High-Profile Arch/Corrugated Aluminum/Categories/Category 1/Sub Category 1,9,,13.0,289.0,,,,,,,,24.0,21.0
/High-Profile Arch/Corrugated Aluminum/Categories/Category 1/Sub Category 1,10,,15.0,335.0,,,,,,,,25.0,23.0
/High-Profile Arch/Corrugated Aluminum/Categories/Category 1/Sub Category 1,11,,13.0,283.0,,,,,,,,25.0,23.0
/High-Profile Arch/Corrugated Aluminum/Categories/Category 1/Sub Category 1,12,,15.0,348.0,,,,,,,,26.0,24.0
/High-Profile Arch/Corrugated Aluminum/Categories/Category 1/Sub Category 1,13,,13.0,295.0,,,,,,,,25.0,24.0
/High-Profile Arch/Corrugated Aluminum/Categories/Category 1/Sub Category 1,14,,15.0,360.0,,,,,,,,27.0,24.0
/High-Profile Arch/Corrugated Aluminum/Categories/Category 1/Sub Category 1,15,,13.0,317.0,,,,,,,,27.0,25.0
/High-Profile Arch/Corrugated Aluminum/Categories/Category 1/Sub Category 1,16,,16.0,412.0,,,,,,,,29.0,27.0
/High-Profile Arch/Corrugated Aluminum/Categories/Category 1/Sub Category 1,17,,14.0,349.0,,,,,,,,28.0,25.0
/High-Profile Arch/Corrugated Aluminum/Categories/Category 1/Sub Category 1,18,,18.0,467.0,,,,,,,,30.0,26.0
/High-Profile Arch/Corrugated Aluminum/Categories/Category 1/Sub Category 1,19,,15.0,399.0,,,,,,,,30.0,28.0
/High-Profile Arch/Corrugated Aluminum/Categories/Category 1/Sub Category 1,20,,18.0,497.0,,,,,,,,31.0,28.0
/High-Profile Arch/Corrugated Aluminum/Categories/Category 1/Sub Category 1,21,,15.0,413.0,,,,,,,,31.0,29.0
/High-Profile Arch/Corrugated Aluminum/Categories/Category 1/Sub Category 1,22,,17.0,484.0,,,,,,,,31.0,28.0
/High-Profile Arch/Corrugated Aluminum/Categories/Category 1/Sub Category 1,23,,19.0,554.0,,,,,,,,32.0,27.0
/High-Profile Arch/Corrugated Aluminum/Categories/Category 1/Sub Category 1,24,,17.0,470.0,,,,,,,,31.0,28.0
/High-Profile Arch/Corrugated Aluminum/Categories/Category 1/Sub Category 1,25,,20.0,571.0,,,,,,,,33.0,28.0
/High-Profile Arch/Corrugated Aluminum/Categories/Category 1/Sub Category 1,26,,17.0,484.0,,,,,,,,32.0,29.0
/High-Profile Arch/Corrugated Aluminum/Categories/Category 1/Sub Category 1,27,,20.0,588.0,,,,,,,,33.0,29.0
/High-Profile Arch/Corrugated Aluminum/Categories/Category 1/Sub Category 1,28,,17.0,514.0,,,,,,,,34.0,31.0
/High-Profile Arch/Corrugated Aluminum/Categories/Category 1/Sub Category 1,29,,19.0,591.0,,,,,,,,34.0,30.0
/High-Profile Arch/Corrugated Aluminum/Categories/Category 1/Sub Category 1,30,,21.0,645.0,,,,,,,,35.0,30.0
/High-Profile Arch/Corrugated Aluminum/Categories/Category 1/Sub Category 1,31,,23.0,747.0,,,,,,,,37.0,32.0
/High-Profile Arch/Corrugated Aluminum/Categories/Category 1/Sub Category 1,32,,17.0,529.0,,,,,,,,34.0,31.0
/High-Profile Arch/Corrugated Aluminum/Categories/Category 1/Sub Category 1,33,,20.0,608.0,,,,,,,,35.0,31.0
/High-Profile Arch/Corrugated Aluminum/Categories/Category 1/Sub Category 1,34,,21.0,663.0,,,,,,,,36.0,31.0
/High-Profile Arch/Corrugated Aluminum/Categories/Category 1/Sub Category 1,35,,23.0,767.0,,,,,,,,38.0,33.0
/High-Profile Arch/Corrugated Steel/Categories/Category 1/Sub Category 1,0,,9.0,152.0,,,,,,,,20.0,19.0
/High-Profile Arch/Corrugated Steel/Categories/Category 1/Sub Category 1,1,,12.0,214.0,,,,,,,,20.0,18.0
/High-Profile Arch/Corrugated Steel/Categories/Category 1/Sub Category 1,2,,11.0,215.0,,,,,,,,21.0,19.0
/High-Profile Arch/Corrugated Steel/Categories/Category 1/Sub Category 1,3,,14.0,285.0,,,,,,,,22.0,19.0
/High-Profile Arch/Corrugated Steel/Categories/Category 1/Sub Category 1,4,,11.0,225.0,,,,,,,,22.0,20.0
/High-Profile Arch/Corrugated Steel/Categories/Category 1/Sub Category 1,5,,14.0,276.0,,,,,,,,22.0,20.0
/High-Profile Arch/Corrugated Steel/Categories/Category 1/Sub Category 1,6,,12.0,235.0,,,,,,,,23.0,21.0
/High-Profile Arch/Corrugated Steel/Categories/Category 1/Sub Category 1,7,,14.0,310.0,,,,,,,,24.0,21.0
/High-Profile Arch/Corrugated Steel/Categories/Category 1/Sub Category 1,8,,12.0,245.0,,,,,,,,23.0,22.0
/High-Profile Arch/Corrugated Steel/Categories/Category 1/Sub Category 1,9,,13.0,289.0,,,,,,,,24.0,21.0
/High-Profile Arch/Corrugated Steel/Categories/Category 1/Sub Category 1,10,,15.0,335.0,,,,,,,,25.0,23.0
/High-Profile Arch/Corrugated Steel/Categories/Category 1/Sub Category 1,11,,13.0,283.0,,,,,,,,25.0,23.0
/High-Profile Arch/Corrugated Steel/Categories/Category 1/Sub Category 1,12,,15.0,348.0,,,,,,,,26.0,24.0
/High-Profile Arch/Corrugated Steel/Categories/Category 1/Sub Category 1,13,,13.0,295.0,,,,,,,,25.0,24.0
/High-Profile Arch/Corrugated Steel/Categories/Category 1/Sub Category 1,14,,15.0,360.0,,,,,,,,27.0,24.0
/High-Profile Arch/Corrugated Steel/Categories/Category 1/Sub Category 1,15,,13.0,317.0,,,,,,,,27.0,25.0
/High-Profile Arch/Corrugated Steel/Categories/Category 1/Sub Category 1,16,,16.0,412.0,,,,,,,,29.0,27.0
/High-Profile Arch/Corrugated Steel/Categories/Category 1/Sub Category 1,17,,14.0,349.0,,,,,,,,28.0,25.0
/High-Profile Arch/Corrugated Steel/Categories/Category 1/Sub Category 1,18,,18.0,467.0,,,,,,,,30.0,26.0
/High-Profile Arch/Corrugated Steel/Categories/Category 1/Sub Category 1,19,,15.0,399.0,,,,,,,,30.0,28.0
/High-Profile Arch/Corrugated Steel/Categories/Category 1/Sub Category 1,20,,18.0,497.0,,,,,,,,31.0,28.0
/High-Profile Arch/Corrugated Steel/Categories/Category 1/Sub Category 1,21,,15.0,413.0,,,,,,,,31.0,29.0
/High-Profile Arch/Corrugated Steel/Categories/Category 1/Sub Category 1,22,,17.0,484.0,,,,,,,,31.0,28.0
/High-Profile Arch/Corrugated Steel/Categories/Category 1/Sub Category 1,23,,19.0,554.0,,,,,,,,32.0,27.0
/High-Profile Arch/Corrugated Steel/Categories/Category 1/Sub Category 1,24,,17.0,470.0,,,,,,,,31.0,28.0
/High-Profile Arch/Corrugated Steel/Categories/Category 1/Sub Category 1,25,,20.0,571.0,,,,,,,,33.0,28.0
/High-Profile Arch/Corrugated Steel/Categories/Category 1/Sub Category 1,26,,17.0,484.0,,,,,,,,32.0,29.0
/High-Profile Arch/Corrugated Steel/Categories/Category 1/Sub Category 1,27,,20.0,588.0,,,,,,,,33.0,29.0
/High-Profile Arch/Corrugated Steel/Categories/Category 1/Sub Category 1,28,,17.0,514.0,,,,,,,,34.0,31.0
/High-Profile Arch/Corrugated Steel/Categories/Category 1/Sub Category 1,29,,19.0,591.0,,,,,,,,34.0,30.0
/High-Profile Arch/Corrugated Steel/Categories/Category 1/Sub Category 1,30,,21.0,645.0,,,,,,,,35.0,30.0
/High-Profile Arch/Corrugated Steel/Categories/Category 1/Sub Category 1,31,,23.0,747.0,,,,,,,,37.0,32.0
/High-Profile Arch/Corrugated Steel/Categories/Category 1/Sub Category 1,32,,17.0,529.0,,,,,,,,34.0,31.0
/High-Profile Arch/Corrugated Steel/Categories/Category 1/Sub Category 1,33,,20.0,608.0,,,,,,,,35.0,31.0
/High-Profile Arch/Corrugated Steel/Categories/Category 1/Sub Category 1,34,,21.0,663.0,,,,,,,,36.0,31.0
/High-Profile Arch/Corrugated Steel/Categories/Category 1/Sub Category 1,35,,23.0,767.0,,,,,,,,38.0,33.0
/Low-Profile Arch/Corrugated Aluminum/Categories/Category 1/Sub Category 1,0,,7.0,121.0,,,,,,,,20.0,19.0
/Low-Profile Arch/Corrugated Aluminum/Categories/Category 1/Sub Category 1,1,,6.0,105.0,,,,,,,,19.0,19.0
/Low-Profile Arch/Corrugated Aluminum/Categories/Category 1/Sub Category 1,2,,7.0,134.0,,,,,,,,21.0,21.0
/Low-Profile Arch/Corrugated Aluminum/Categories/Category 1/Sub Category 1,3,,7.0,140.0,,,,,,,,22.0,22.0
/Low-Profile Arch/Corrugated Aluminum/Categories/Category 1/Sub Category 1,4,,8.0,147.0,,,,,,,,23.0,22.0
/Low-Profile Arch/Corrugated Aluminum/Categories/Category 1/Sub Category 1,5,,8.0,154.0,,,,,,,,23.0,23.0
/Low-Profile Arch/Corrugated Aluminum/Categories/Category 1/Sub Category 1,6,,8.0,161.0,,,,,,,,24.0,24.0
/Low-Profile Arch/Corrugated Aluminum/Categories/Category 1/Sub Category 1,7,,8.0,169.0,,,,,,,,25.0,25.0
/Low-Profile Arch/Corrugated Aluminum/Categories/Category 1/Sub Category 1,8,,8.0,176.0,,,,,,,,25.0,25.0
/Low-Profile Arch/Corrugated Aluminum/Categories/Category 1/Sub Category 1,9,,10.0,217.0,,,,,,,,27.0,27.0
/Low-Profile Arch/Corrugated Aluminum/Categories/Category 1/Sub Category 1,10,,9.0,212.0,,,,,,,,28.0,27.0
/Low-Profile Arch/Corrugated Aluminum/Categories/Category 1/Sub Category 1,11,,10.0,234.0,,,,,,,,28.0,28.0
/Low-Profile Arch/Corrugated Aluminum/Categories/Category 1/Sub Category 1,12,,9.0,221.0,,,,,,,,28.0,28.0
/Low-Profile Arch/Corrugated Aluminum/Categories/Category 1/Sub Category 1,13,,9.0,238.0,,,,,,,,30.0,30.0
/Low-Profile Arch/Corrugated Aluminum/Categories/Category 1/Sub Category 1,14,,10.0,261.0,,,,,,,,30.0,30.0
/Low-Profile Arch/Corrugated Aluminum/Categories/Category 1/Sub Category 1,15,,12.0,309.0,,,,,,,,31.0,31.0
/Low-Profile Arch/Corrugated Aluminum/Categories/Category 1/Sub Category 1,16,,10.0,246.0,,,,,,,,31.0,30.0
/Low-Profile Arch/Corrugated Aluminum/Categories/Category 1/Sub Category 1,17,,12.0,320.0,,,,,,,,32.0,31.0
/Low-Profile Arch/Corrugated Aluminum/Categories/Category 1/Sub Category 1,18,,10.0,255.0,,,,,,,,31.0,31.0
/Low-Profile Arch/Corrugated Aluminum/Categories/Category 1/Sub Category 1,19,,12.0,330.0,,,,,,,,33.0,32.0
/Low-Profile Arch/Corrugated Aluminum/Categories/Category 1/Sub Category 1,20,,11.0,289.0,,,,,,,,33.0,33.0
/Low-Profile Arch/Corrugated Aluminum/Categories/Category 1/Sub Category 1,21,,13.0,377.0,,,,,,,,34.0,34.0
/Low-Profile Arch/Corrugated Aluminum/Categories/Category 1/Sub Category 1,22,,11.0,308.0,,,,,,,,34.0,34.0
/Low-Profile Arch/Corrugated Aluminum/Categories/Category 1/Sub Category 1,23,,15.0,477.0,,,,,,,,37.0,37.0
/Low-Profile Arch/Corrugated Aluminum/Categories/Category 1/Sub Category 1,24,,11.0,318.0,,,,,,,,35.0,35.0
/Low-Profile Arch/Corrugated Aluminum/Categories/Category 1/Sub Category 1,25,,15.0,490.0,,,,,,,,38.0,38.0
/Low-Profile Arch/Corrugated Steel/Categories/Category 1/Sub Category 1,0,,7.0,121.0,,,,,,,,20.0,19.0
/Low-Profile Arch/Corrugated Steel/Categories/Category 1/Sub Category 1,1,,6.0,105.0,,,,,,,,19.0,19.0
/Low-Profile Arch/Corrugated Steel/Categories/Category 1/Sub Category 1,2,,7.0,134.0,,,,,,,,21.0,21.0
/Low-Profile Arch/Corrugated Steel/Categories/Category 1/Sub Category 1,3,,7.0,140.0,,,,,,,,22.0,22.0
/Low-Profile Arch/Corrugated Steel/Categories/Category 1/Sub Category 1,4,,8.0,147.0,,,,,,,,23.0,22.0
/Low-Profile Arch/Corrugated Steel/Categories/Category 1/Sub Category 1,5,,8.0,154.0,,,,,,,,23.0,23.0
/Low-Profile Arch/Corrugated Steel/Categories/Category 1/Sub Category 1,6,,8.0,161.0,,,,,,,,24.0,24.0
/Low-Profile Arch/Corrugated Steel/Categories/Category 1/Sub Category 1,7,,8.0,169.0,,,,,,,,25.0,25.0
/Low-Profile Arch/Corrugated Steel/Categories/Category 1/Sub Category 1,8,,8.0,176.0,,,,,,,,25.0,25.0
/Low-Profile Arch/Corrugated Steel/Categories/Category 1/Sub Category 1,9,,10.0,217.0,,,,,,,,27.0,27.0
/Low-Profile Arch/Corrugated Steel/Categories/Category 1/Sub Category 1,10,,9.0,212.0,,,,,,,,28.0,27.0
/Low-Profile Arch/Corrugated Steel/Categories/Category 1/Sub Category 1,11,,10.0,234.0,,,,,,,,28.0,28.0
/Low-Profile Arch/Corrugated Steel/Categories/Category 1/Sub Category 1,12,,9.0,221.0,,,,,,,,28.0,28.0
/Low-Profile Arch/Corrugated Steel/Categories/Category 1/Sub Category 1,13,,9.0,238.0,,,,,,,,30.0,30.0
/Low-Profile Arch/Corrugated Steel/Categories/Category 1/Sub Category 1,14,,10.0,261.0,,,,,,,,30.0,30.0
/Low-Profile Arch/Corrugated Steel/Categories/Category 1/Sub Category 1,15,,12.0,309.0,,,,,,,,31.0,31.0
/Low-Profile Arch/Corrugated Steel/Categories/Category 1/Sub Category 1,16,,10.0,246.0,,,,,,,,31.0,30.0
/Low-Profile Arch/Corrugated Steel/Categories/Category 1/Sub Category 1,17,,12.0,320.0,,,,,,,,32.0,31.0
/Low-Profile Arch/Corrugated Steel/Categories/Category 1/Sub Category 1,18,,10.0,255.0,,,,,,,,31.0,31.0
/Low-Profile Arch/Corrugated Steel/Categories/Category 1/Sub Category 1,19,,12.0,330.0,,,,,,,,33.0,32.0
/Low-Profile Arch/Corrugated Steel/Categories/Category 1/Sub Category 1,20,,11.0,289.0,,,,,,,,33.0,33.0
/Low-Profile Arch/Corrugated Steel/Categories/Category 1/Sub Category 1,21,,13.0,377.0,,,,,,,,34.0,34.0
/Low-Profile Arch/Corrugated Steel/Categories/Category 1/Sub Category 1,22,,11.0,308.0,,,,,,,,34.0,34.0
/Low-Profile Arch/Corrugated Steel/Categories/Category 1/Sub Category 1,23,,15.0,477.0,,,,,,,,37.0,37.0
/Low-Profile Arch/Corrugated Steel/Categories/Category 1/Sub Category 1,24,,11.0,318.0,,,,,,,,35.0,35.0
/Low-Profile Arch/Corrugated Steel/Categories/Category 1/Sub Category 1,25,,15.0,490.0,,,,,,,,38.0,38.0
/Metal Box/Corrugated Aluminum/Categories/Category 1/Sub Category 1,0,8.0,2.0,18.399999618530273,,,,,,,,,
/Metal Box/Corrugated Aluminum/Categories/Category 1/Sub Category 1,1,9.0,3.0,25.399999618530273,,,,,,,,,
/Metal Box/Corrugated Aluminum/Categories/Category 1/Sub Category 1,2,9.0,4.0,32.599998474121094,,,,,,,,,
/Metal Box/Corrugated Aluminum/Categories/Category 1/Sub Category 1,3,10.0,4.0,40.20000076293945,,,,,,,,,
/Metal Box/Corrugated Aluminum/Categories/Category 1/Sub Category 1,4,10.0,5.0,48.099998474121094,,,,,,,,,
/Metal Box/Corrugated Aluminum/Categories/Category 1/Sub Category 1,5,10.0,6.0,56.400001525878906,,,,,,,,,
/Metal Box/Corrugated Aluminum/Categories/Category 1/Sub Category 1,6,11.0,7.0,65.0,,,,,,,,,
/Metal Box/Corrugated Aluminum/Categories/Category 1/Sub Category 1,7,10.0,2.0,23.0,,,,,,,,,
/Metal Box/Corrugated Aluminum/Categories/Category 1/Sub Category 1,8,10.0,3.0,31.100000381469727,,,,,,,,,
/Metal Box/Corrugated Aluminum/Categories/Category 1/Sub Category 1,9,10.0,4.0,39.5,,,,,,,,,
/Metal Box/Corrugated Aluminum/Categories/Category 1/Sub Category 1,10,11.0,5.0,48.20000076293945,,,,,,,,,
/Metal Box/Corrugated Aluminum/Categories/Category 1/Sub Category 1,11,11.0,5.0,57.20000076293945,,,,,,,,,
/Metal Box/Corrugated Aluminum/Categories/Category 1/Sub Category 1,12,12.0,6.0,66.4000015258789,,,,,,,,,
/Metal Box/Corrugated Aluminum/Categories/Category 1/Sub Category 1,13,12.0,7.0,76.0,,,,,,,,,
/Metal Box/Corrugated Aluminum/Categories/Category 1/Sub Category 1,14,11.0,2.0,28.100000381469727,,,,,,,,,
/Metal Box/Corrugated Aluminum/Categories/Category 1/Sub Category 1,15,11.0,3.0,37.400001525878906,,,,,,,,,
/Metal Box/Corrugated Aluminum/Categories/Category 1/Sub Category 1,16,12.0,4.0,46.900001525878906,,,,,,,,,
/Metal Box/Corrugated Aluminum/Categories/Category 1/Sub Category 1,17,12.0,5.0,56.599998474121094,,,,,,,,,
/Metal Box/Corrugated Aluminum/Categories/Category 1/Sub Category 1,18,12.0,6.0,66.5999984741211,,,,,,,,,
/Metal Box/Corrugated Aluminum/Categories/Category 1/Sub Category 1,19,13.0,6.0,76.9000015258789,,,,,,,,,
/Metal Box/Corrugated Aluminum/Categories/Category 1/Sub Category 1,20,13.0,3.0,33.79999923706055,,,,,,,,,
/Metal Box/Corrugated Aluminum/Categories/Category 1/Sub Category 1,21,13.0,3.0,44.20000076293945,,,,,,,,,
/Metal Box/Corrugated Aluminum/Categories/Category 1/Sub Category 1,22,13.0,4.0,54.79999923706055,,,,,,,,,
/Metal Box/Corrugated Aluminum/Categories/Category 1/Sub Category 1,23,13.0,5.0,65.5999984741211,,,,,,,,,
/Metal Box/Corrugated Aluminum/Categories/Category 1/Sub Category 1,24,14.0,6.0,76.5999984741211,,,,,,,,,
/Metal Box/Corrugated Aluminum/Categories/Category 1/Sub Category 1,25,14.0,3.0,40.0,,,,,,,,,
/Metal Box/Corrugated Aluminum/Categories/Category 1/Sub Category 1,26,14.0,4.0,51.5,,,,,,,,,
/Metal Box/Corrugated Aluminum/Categories/Category 1/Sub Category 1,27,14.0,4.0,63.20000076293945,,,,,,,,,
/Metal Box/Corrugated Aluminum/Categories/Category 1/Sub Category 1,28,15.0,5.0,75.0999984741211,,,,,,,,,
/Metal Box/Corrugated Aluminum/Categories/Category 1/Sub Category 1,29,15.0,6.0,87.19999694824219,,,,,,,,,
/Metal Box/Corrugated Aluminum/Categories/Category 1/Sub Category 1,30,15.0,7.0,99.4000015258789,,,,,,,,,
/Metal Box/Corrugated Aluminum/Categories/Category 1/Sub Category 1,31,15.0,8.0,111.80000305175781,,,,,,,,,
/Metal Box/Corrugated Aluminum/Categories/Category 1/Sub Category 1,32,15.0,3.0,46.79999923706055,,,,,,,,,
/Metal Box/Corrugated Aluminum/Categories/Category 1/Sub Category 1,33,16.0,4.0,59.5,,,,,,,,,
/Metal Box/Corrugated Aluminum/Categories/Category 1/Sub Category 1,34,16.0,5.0,72.30000305175781,,,,,,,,,
/Metal Box/Corrugated Aluminum/Categories/Category 1/Sub Category 1,35,16.0,5.0,85.19999694824219,,,,,,,,,
/Metal Box/Corrugated Aluminum/Categories/Category 1/Sub Category 1,36,16.0,6.0,98.30000305175781,,,,,,,,,
/Metal Box/Corrugated Aluminum/Categories/Category 1/Sub Category 1,37,16.0,7.0,111.5,,,,,,,,,
/Metal Box/Corrugated Aluminum/Categories/Category 1/Sub Category 1,38,16.0,8.0,124.80000305175781,,,,,,,,,
/Metal Box/Corrugated Aluminum/Categories/Category 1/Sub Category 1,39,17.0,3.0,54.400001525878906,,,,,,,,,
/Metal Box/Corrugated Aluminum/Categories/Category 1/Sub Category 1,40,18.0,4.0,68.30000305175781,,,,,,,,,
/Metal Box/Corrugated Aluminum/Categories/Category 1/Sub Category 1,41,18.0,5.0,82.5,,,,,,,,,
/Metal Box/Corrugated Aluminum/Categories/Category 1/Sub Category 1,42,19.0,6.0,97.0999984741211,,,,,,,,,
/Metal Box/Corrugated Aluminum/Categories/Category 1/Sub Category 1,43,19.0,6.0,111.9000015258789,,,,,,,,,
/Metal Box/Corrugated Aluminum/Categories/Category 1/Sub Category 1,44,19.0,7.0,127.0999984741211,,,,,,,,,
/Metal Box/Corrugated Aluminum/Categories/Category 1/Sub Category 1,45,20.0,8.0,142.60000610351562,,,,,,,,,
/Metal Box/Corrugated Aluminum/Categories/Category 1/Sub Category 1,46,19.0,4.0,63.29999923706055,,,,,,,,,
/Metal Box/Corrugated Aluminum/Categories/Category 1/Sub Category 1,47,19.0,4.0,78.30000305175781,,,,,,,,,
/Metal Box/Corrugated Aluminum/Categories/Category 1/Sub Category 1,48,19.0,5.0,93.5999984741211,,,,,,,,,
/Metal Box/Corrugated Aluminum/Categories/Category 1/Sub Category 1,49,20.0,6.0,109.19999694824219,,,,,,,,,
/Metal Box/Corrugated Aluminum/Categories/Category 1/Sub Category 1,50,20.0,7.0,125.0,,,,,,,,,
/Metal Box/Corrugated Aluminum/Categories/Category 1/Sub Category 1,51,20.0,8.0,141.1999969482422,,,,,,,,,
/Metal Box/Corrugated Aluminum/Categories/Category 1/Sub Category 1,52,21.0,8.0,157.60000610351562,,,,,,,,,
/Metal Box/Corrugated Aluminum/Categories/Category 1/Sub Category 1,53,20.0,4.0,73.0999984741211,,,,,,,,,
/Metal Box/Corrugated Aluminum/Categories/Category 1/Sub Category 1,54,20.0,5.0,89.19999694824219,,,,,,,,,
/Metal Box/Corrugated Aluminum/Categories/Category 1/Sub Category 1,55,20.0,6.0,105.5,,,,,,,,,
/Metal Box/Corrugated Aluminum/Categories/Category 1/Sub Category 1,56,21.0,6.0,122.0999984741211,,,,,,,,,
/Metal Box/Corrugated Aluminum/Categories/Category 1/Sub Category 1,57,21.0,7.0,139.0,,,,,,,,,
/Metal Box/Corrugated Aluminum/Categories/Category 1/Sub Category 1,58,21.0,8.0,156.0,,,,,,,,,
/Metal Box/Corrugated Aluminum/Categories/Category 1/Sub Category 1,59,22.0,9.0,173.3000030517578,,,,,,,,,
/Metal Box/Corrugated Aluminum/Categories/Category 1/Sub Category 1,60,21.0,4.0,83.80000305175781,,,,,,,,,
/Metal Box/Corrugated Aluminum/Categories/Category 1/Sub Category 1,61,21.0,5.0,101.0,,,,,,,,,
/Metal Box/Corrugated Aluminum/Categories/Category 1/Sub Category 1,62,22.0,6.0,118.4000015258789,,,,,,,,,
/Metal Box/Corrugated Aluminum/Categories/Category 1/Sub Category 1,63,22.0,7.0,135.89999389648438,,,,,,,,,
/Metal Box/Corrugated Aluminum/Categories/Category 1/Sub Category 1,64,22.0,8.0,153.6999969482422,,,,,,,,,
/Metal Box/Corrugated Aluminum/Categories/Category 1/Sub Category 1,65,22.0,8.0,171.60000610351562,,,,,,,,,
/Metal Box/Corrugated Aluminum/Categories/Category 1/Sub Category 1,66,23.0,9.0,189.8000030517578,,,,,,,,,
/Metal Box/Corrugated Aluminum/Categories/Category 1/Sub Category 1,67,22.0,5.0,95.5,,,,,,,,,
/Metal Box/Corrugated Aluminum/Categories/Category 1/Sub Category 1,68,23.0,6.0,113.69999694824219,,,,,,,,,
/Metal Box/Corrugated Aluminum/Categories/Category 1/Sub Category 1,69,23.0,6.0,132.10000610351562,,,,,,,,,
/Metal Box/Corrugated Aluminum/Categories/Category 1/Sub Category 1,70,23.0,7.0,150.60000610351562,,,,,,,,,
/Metal Box/Corrugated Aluminum/Categories/Category 1/Sub Category 1,71,23.0,8.0,169.3000030517578,,,,,,,,,
/Metal Box/Corrugated Aluminum/Categories/Category 1/Sub Category 1,72,23.0,9.0,188.10000610351562,,,,,,,,,
/Metal Box/Corrugated Aluminum/Categories/Category 1/Sub Category 1,73,23.0,10.0,207.0,,,,,,,,,
/Metal Box/Corrugated Aluminum/Categories/Category 1/Sub Category 1,74,24.0,5.0,108.19999694824219,,,,,,,,,
/Metal Box/Corrugated Aluminum/Categories/Category 1/Sub Category 1,75,24.0,6.0,127.5,,,,,,,,,
/Metal Box/Corrugated Aluminum/Categories/Category 1/Sub Category 1,76,24.0,7.0,146.8000030517578,,,,,,,,,
/Metal Box/Corrugated Aluminum/Categories/Category 1/Sub Category 1,77,24.0,8.0,166.1999969482422,,,,,,,,,
/Metal Box/Corrugated Aluminum/Categories/Category 1/Sub Category 1,78,24.0,8.0,185.6999969482422,,,,,,,,,
/Metal Box/Corrugated Aluminum/Categories/Category 1/Sub Category 1,79,24.0,9.0,205.3000030517578,,,,,,,,,
/Metal Box/Corrugated Aluminum/Categories/Category 1/Sub Category 1,80,24.0,10.0,225.0,,,,,,,,,
/Metal Box/Corrugated Aluminum/Categories/Category 1/Sub Category 1,81,25.0,6.0,122.0,,,,,,,,,
/Metal Box/Corrugated Aluminum/Categories/Category 1/Sub Category 1,82,25.0,7.0,142.1999969482422,,,,,,,,,
/Metal Box/Corrugated Aluminum/Categories/Category 1/Sub Category 1,83,25.0,7.0,162.39999389648438,,,,,,,,,
/Metal Box/Corrugated Aluminum/Categories/Category 1/Sub Category 1,84,25.0,8.0,182.60000610351562,,,,,,,,,
/Metal Box/Corrugated Aluminum/Categories/Category 1/Sub Category 1,85,25.0,9.0,202.89999389648438,,,,,,,,,
/Metal Box/Corrugated Aluminum/Categories/Category 1/Sub Category 1,86,25.0,10.0,223.3000030517578,,,,,,,,,
/Metal Box/Corrugated Steel/Categories/Category 1/Sub Category 1,0,9.0,2.0,20.799999237060547,,,,,,,,,
/Metal Box/Corrugated Steel/Categories/Category 1/Sub Category 1,1,10.0,3.0,28.399999618530273,,,,,,,,,
/Metal Box/Corrugated Steel/Categories/Category 1/Sub Category 1,2,10.0,4.0,36.400001525878906,,,,,,,,,
/Metal Box/Corrugated Steel/Categories/Category 1/Sub Category 1,3,11.0,4.0,44.70000076293945,,,,,,,,,
/Metal Box/Corrugated Steel/Categories/Category 1/Sub Category 1,4,11.0,5.0,53.29999923706055,,,,,,,,,
/Metal Box/Corrugated Steel/Categories/Category 1/Sub Category 1,5,11.0,6.0,62.20000076293945,,,,,,,,,
/Metal Box/Corrugated Steel/Categories/Category 1/Sub Category 1,6,12.0,7.0,71.5,,,,,,,,,
/Metal Box/Corrugated Steel/Categories/Category 1/Sub Category 1,7,12.0,8.0,81.0999984741211,,,,,,,,,
/Metal Box/Corrugated Steel/Categories/Category 1/Sub Category 1,8,10.0,2.0,23.200000762939453,,,,,,,,,
/Metal Box/Corrugated Steel/Categories/Category 1/Sub Category 1,9,10.0,3.0,31.399999618530273,,,,,,,,,
/Metal Box/Corrugated Steel/Categories/Category 1/Sub Category 1,10,11.0,4.0,39.900001525878906,,,,,,,,,
/Metal Box/Corrugated Steel/Categories/Category 1/Sub Category 1,11,11.0,5.0,48.70000076293945,,,,,,,,,
/Metal Box/Corrugated Steel/Categories/Category 1/Sub Category 1,12,12.0,5.0,57.900001525878906,,,,,,,,,
/Metal Box/Corrugated Steel/Categories/Category 1/Sub Category 1,13,12.0,6.0,67.30000305175781,,,,,,,,,
/Metal Box/Corrugated Steel/Categories/Category 1/Sub Category 1,14,12.0,7.0,77.0999984741211,,,,,,,,,
/Metal Box/Corrugated Steel/Categories/Category 1/Sub Category 1,15,13.0,8.0,87.19999694824219,,,,,,,,,
/Metal Box/Corrugated Steel/Categories/Category 1/Sub Category 1,16,11.0,2.0,25.700000762939453,,,,,,,,,
/Metal Box/Corrugated Steel/Categories/Category 1/Sub Category 1,17,11.0,3.0,34.5,,,,,,,,,
/Metal Box/Corrugated Steel/Categories/Category 1/Sub Category 1,18,11.0,4.0,43.5,,,,,,,,,
/Metal Box/Corrugated Steel/Categories/Category 1/Sub Category 1,19,12.0,5.0,52.900001525878906,,,,,,,,,
/Metal Box/Corrugated Steel/Categories/Category 1/Sub Category 1,20,12.0,5.0,62.599998474121094,,,,,,,,,
/Metal Box/Corrugated Steel/Categories/Category 1/Sub Category 1,21,13.0,6.0,72.5,,,,,,,,,
/Metal Box/Corrugated Steel/Categories/Category 1/Sub Category 1,22,13.0,7.0,82.80000305175781,,,,,,,,,
/Metal Box/Corrugated Steel/Categories/Category 1/Sub Category 1,23,13.0,8.0,93.30000305175781,,,,,,,,,
/Metal Box/Corrugated Steel/Categories/Category 1/Sub Category 1,24,11.0,2.0,28.299999237060547,,,,,,,,,
/Metal Box/Corrugated Steel/Categories/Category 1/Sub Category 1,25,12.0,3.0,37.70000076293945,,,,,,,,,
/Metal Box/Corrugated Steel/Categories/Category 1/Sub Category 1,26,12.0,4.0,47.29999923706055,,,,,,,,,
/Metal Box/Corrugated Steel/Categories/Category 1/Sub Category 1,27,12.0,5.0,57.20000076293945,,,,,,,,,
/Metal Box/Corrugated Steel/Categories/Category 1/Sub Category 1,28,13.0,6.0,67.4000015258789,,,,,,,,,
/Metal Box/Corrugated Steel/Categories/Category 1/Sub Category 1,29,13.0,6.0,77.9000015258789,,,,,,,,,
/Metal Box/Corrugated Steel/Categories/Category 1/Sub Category 1,30,13.0,7.0,88.5999984741211,,,,,,,,,
/Metal Box/Corrugated Steel/Categories/Category 1/Sub Category 1,31,14.0,8.0,99.5999984741211,,,,,,,,,
/Metal Box/Corrugated Steel/Categories/Category 1/Sub Category 1,32,12.0,2.0,31.100000381469727,,,,,,,,,
/Metal Box/Corrugated Steel/Categories/Category 1/Sub Category 1,33,12.0,3.0,41.0,,,,,,,,,
/Metal Box/Corrugated Steel/Categories/Category 1/Sub Category 1,34,13.0,4.0,51.20000076293945,,,,,,,,,
/Metal Box/Corrugated Steel/Categories/Category 1/Sub Category 1,35,13.0,5.0,61.70000076293945,,,,,,,,,
/Metal Box/Corrugated Steel/Categories/Category 1/Sub Category 1,36,13.0,6.0,72.4000015258789,,,,,,,,,
/Metal Box/Corrugated Steel/Categories/Category 1/Sub Category 1,37,14.0,6.0,83.30000305175781,,,,,,,,,
/Metal Box/Corrugated Steel/Categories/Category 1/Sub Category 1,38,14.0,7.0,94.5,,,,,,,,,
/Metal Box/Corrugated Steel/Categories/Category 1/Sub Category 1,39,14.0,8.0,106.0,,,,,,,,,
/Metal Box/Corrugated Steel/Categories/Category 1/Sub Category 1,40,13.0,3.0,34.0,,,,,,,,,
/Metal Box/Corrugated Steel/Categories/Category 1/Sub Category 1,41,13.0,3.0,44.5,,,,,,,,,
/Metal Box/Corrugated Steel/Categories/Category 1/Sub Category 1,42,13.0,4.0,55.29999923706055,,,,,,,,,
/Metal Box/Corrugated Steel/Categories/Category 1/Sub Category 1,43,14.0,5.0,66.19999694824219,,,,,,,,,
/Metal Box/Corrugated Steel/Categories/Category 1/Sub Category 1,44,14.0,6.0,77.5,,,,,,,,,
/Metal Box/Corrugated Steel/Categories/Category 1/Sub Category 1,45,14.0,7.0,88.9000015258789,,,,,,,,,
/Metal Box/Corrugated Steel/Categories/Category 1/Sub Category 1,46,15.0,7.0,100.5999984741211,,,,,,,,,
/Metal Box/Corrugated Steel/Categories/Category 1/Sub Category 1,47,15.0,8.0,112.5,,,,,,,,,
/Metal Box/Corrugated Steel/Categories/Category 1/Sub Category 1,48,13.0,3.0,37.099998474121094,,,,,,,,,
/Metal Box/Corrugated Steel/Categories/Category 1/Sub Category 1,49,14.0,3.0,48.20000076293945,,,,,,,,,
/Metal Box/Corrugated Steel/Categories/Category 1/Sub Category 1,50,14.0,4.0,59.5,,,,,,,,,
/Metal Box/Corrugated Steel/Categories/Category 1/Sub Category 1,51,14.0,5.0,71.0,,,,,,,,,
/Metal Box/Corrugated Steel/Categories/Category 1/Sub Category 1,52,15.0,6.0,82.69999694824219,,,,,,,,,
/Metal Box/Corrugated Steel/Categories/Category 1/Sub Category 1,53,15.0,7.0,94.5999984741211,,,,,,,,,
/Metal Box/Corrugated Steel/Categories/Category 1/Sub Category 1,54,15.0,7.0,106.80000305175781,,,,,,,,,
/Metal Box/Corrugated Steel/Categories/Category 1/Sub Category 1,55,15.0,8.0,119.19999694824219,,,,,,,,,
/Metal Box/Corrugated Steel/Categories/Category 1/Sub Category 1,56,14.0,3.0,40.400001525878906,,,,,,,,,
/Metal Box/Corrugated Steel/Categories/Category 1/Sub Category 1,57,14.0,4.0,52.0,,,,,,,,,
/Metal Box/Corrugated Steel/Categories/Category 1/Sub Category 1,58,15.0,4.0,63.79999923706055,,,,,,,,,
/Metal Box/Corrugated Steel/Categories/Category 1/Sub Category 1,59,15.0,5.0,75.80000305175781,,,,,,,,,
/Metal Box/Corrugated Steel/Categories/Category 1/Sub Category 1,60,15.0,6.0,88.0999984741211,,,,,,,,,
/Metal Box/Corrugated Steel/Categories/Category 1/Sub Category 1,61,15.0,7.0,100.5,,,,,,,,,
/Metal Box/Corrugated Steel/Categories/Category 1/Sub Category 1,62,16.0,8.0,113.0999984741211,,,,,,,,,
/Metal Box/Corrugated Steel/Categories/Category 1/Sub Category 1,63,16.0,8.0,126.0,,,,,,,,,
/Metal Box/Corrugated Steel/Categories/Category 1/Sub Category 1,64,15.0,3.0,43.79999923706055,,,,,,,,,
/Metal Box/Corrugated Steel/Categories/Category 1/Sub Category 1,65,15.0,4.0,55.900001525878906,,,,,,,,,
/Metal Box/Corrugated Steel/Categories/Category 1/Sub Category 1,66,15.0,5.0,68.30000305175781,,,,,,,,,
/Metal Box/Corrugated Steel/Categories/Category 1/Sub Category 1,67,16.0,5.0,80.9000015258789,,,,,,,,,
/Metal Box/Corrugated Steel/Categories/Category 1/Sub Category 1,68,16.0,6.0,93.5999984741211,,,,,,,,,
/Metal Box/Corrugated Steel/Categories/Category 1/Sub Category 1,69,16.0,7.0,106.5,,,,,,,,,
/Metal Box/Corrugated Steel/Categories/Category 1/Sub Category 1,70,16.0,8.0,119.5999984741211,,,,,,,,,
/Metal Box/Corrugated Steel/Categories/Category 1/Sub Category 1,71,16.0,8.0,132.89999389648438,,,,,,,,,
/Metal Box/Corrugated Steel/Categories/Category 1/Sub Category 1,72,16.0,3.0,47.29999923706055,,,,,,,,,
/Metal Box/Corrugated Steel/Categories/Category 1/Sub Category 1,73,16.0,4.0,60.099998474121094,,,,,,,,,
/Metal Box/Corrugated Steel/Categories/Category 1/Sub Category 1,74,16.0,5.0,73.0,,,,,,,,,
/Metal Box/Corrugated Steel/Categories/Category 1/Sub Category 1,75,16.0,5.0,86.0999984741211,,,,,,,,,
/Metal Box/Corrugated Steel/Categories/Category 1/Sub Category 1,76,16.0,6.0,99.30000305175781,,,,,,,,,
/Metal Box/Corrugated Steel/Categories/Category 1/Sub Category 1,77,17.0,7.0,112.69999694824219,,,,,,,,,
/Metal Box/Corrugated Steel/Categories/Category 1/Sub Category 1,78,17.0,8.0,126.19999694824219,,,,,,,,,
/Metal Box/Corrugated Steel/Categories/Category 1/Sub Category 1,79,17.0,9.0,139.89999389648438,,,,,,,,,
/Metal Box/Corrugated Steel/Categories/Category 1/Sub Category 1,80,16.0,3.0,51.099998474121094,,,,,,,,,
/Metal Box/Corrugated Steel/Categories/Category 1/Sub Category 1,81,16.0,4.0,64.4000015258789,,,,,,,,,
/Metal Box/Corrugated Steel/Categories/Category 1/Sub Category 1,82,17.0,5.0,77.80000305175781,,,,,,,,,
/Metal Box/Corrugated Steel/Categories/Category 1/Sub Category 1,83,17.0,6.0,91.4000015258789,,,,,,,,,
/Metal Box/Corrugated Steel/Categories/Category 1/Sub Category 1,84,17.0,6.0,105.0999984741211,,,,,,,,,
/Metal Box/Corrugated Steel/Categories/Category 1/Sub Category 1,85,17.0,7.0,119.0,,,,,,,,,
/Metal Box/Corrugated Steel/Categories/Category 1/Sub Category 1,86,17.0,8.0,133.0,,,,,,,,,
/Metal Box/Corrugated Steel/Categories/Category 1/Sub Category 1,87,17.0,9.0,147.10000610351562,,,,,,,,,
/Metal Box/Corrugated Steel/Categories/Category 1/Sub Category 1,88,17.0,3.0,55.0,,,,,,,,,
/Metal Box/Corrugated Steel/Categories/Category 1/Sub Category 1,89,17.0,4.0,68.9000015258789,,,,,,,,,
/Metal Box/Corrugated Steel/Categories/Category 1/Sub Category 1,90,17.0,5.0,82.80000305175781,,,,,,,,,
/Metal Box/Corrugated Steel/Categories/Category 1/Sub Category 1,91,17.0,6.0,96.9000015258789,,,,,,,,,
/Metal Box/Corrugated Steel/Categories/Category 1/Sub Category 1,92,17.0,7.0,111.0999984741211,,,,,,,,,
/Metal Box/Corrugated Steel/Categories/Category 1/Sub Category 1,93,18.0,7.0,125.5,,,,,,,,,
/Metal Box/Corrugated Steel/Categories/Category 1/Sub Category 1,94,18.0,8.0,139.89999389648438,,,,,,,,,
/Metal Box/Corrugated Steel/Categories/Category 1/Sub Category 1,95,18.0,9.0,154.5,,,,,,,,,
/Metal Box/Corrugated Steel/Categories/Category 1/Sub Category 1,96,18.0,3.0,59.099998474121094,,,,,,,,,
/Metal Box/Corrugated Steel/Categories/Category 1/Sub Category 1,97,18.0,4.0,73.5,,,,,,,,,
/Metal Box/Corrugated Steel/Categories/Category 1/Sub Category 1,98,18.0,5.0,88.0,,,,,,,,,
/Metal Box/Corrugated Steel/Categories/Category 1/Sub Category 1,99,18.0,6.0,102.5999984741211,,,,,,,,,
/Metal Box/Corrugated Steel/Categories/Category 1/Sub Category 1,100,18.0,7.0,117.30000305175781,,,,,,,,,
/Metal Box/Corrugated Steel/Categories/Category 1/Sub Category 1,101,18.0,7.0,132.10000610351562,,,,,,,,,
/Metal Box/Corrugated Steel/Categories/Category 1/Sub Category 1,102,18.0,8.0,147.0,,,,,,,,,
/Metal Box/Corrugated Steel/Categories/Category 1/Sub Category 1,103,18.0,9.0,162.0,,,,,,,,,
/Metal Box/Corrugated Steel/Categories/Category 1/Sub Category 1,104,18.0,4.0,63.400001525878906,,,,,,,,,
/Metal Box/Corrugated Steel/Categories/Category 1/Sub Category 1,105,18.0,4.0,78.4000015258789,,,,,,,,,
/Metal Box/Corrugated Steel/Categories/Category 1/Sub Category 1,106,18.0,5.0,93.4000015258789,,,,,,,,,
/Metal Box/Corrugated Steel/Categories/Category 1/Sub Category 1,107,18.0,6.0,108.5,,,,,,,,,
/Metal Box/Corrugated Steel/Categories/Category 1/Sub Category 1,108,19.0,7.0,123.5999984741211,,,,,,,,,
/Metal Box/Corrugated Steel/Categories/Category 1/Sub Category 1,109,19.0,8.0,138.89999389648438,,,,,,,,,
/Metal Box/Corrugated Steel/Categories/Category 1/Sub Category 1,110,19.0,8.0,154.1999969482422,,,,,,,,,
/Metal Box/Corrugated Steel/Categories/Category 1/Sub Category 1,111,19.0,9.0,169.60000610351562,,,,,,,,,
/Metal Box/Corrugated Steel/Categories/Category 1/Sub Category 1,112,19.0,4.0,67.9000015258789,,,,,,,,,
/Metal Box/Corrugated Steel/Categories/Category 1/Sub Category 1,113,19.0,5.0,83.4000015258789,,,,,,,,,
/Metal Box/Corrugated Steel/Categories/Category 1/Sub Category 1,114,19.0,5.0,98.9000015258789,,,,,,,,,
/Metal Box/Corrugated Steel/Categories/Category 1/Sub Category 1,115,19.0,6.0,114.5,,,,,,,,,
/Metal Box/Corrugated Steel/Categories/Category 1/Sub Category 1,116,19.0,7.0,130.1999969482422,,,,,,,,,
/Metal Box/Corrugated Steel/Categories/Category 1/Sub Category 1,117,19.0,8.0,145.89999389648438,,,,,,,,,
/Metal Box/Corrugated Steel/Categories/Category 1/Sub Category 1,118,19.0,9.0,161.60000610351562,,,,,,,,,
/Metal Box/Corrugated Steel/Categories/Category 1/Sub Category 1,119,19.0,9.0,177.39999389648438,,,,,,,,,
/Metal Box/Corrugated Steel/Categories/Category 1/Sub Category 1,120,20.0,4.0,72.69999694824219,,,,,,,,,
/Metal Box/Corrugated Steel/Categories/Category 1/Sub Category 1,121,20.0,5.0,88.69999694824219,,,,,,,,,
/Metal Box/Corrugated Steel/Categories/Category 1/Sub Category 1,122,20.0,6.0,104.69999694824219,,,,,,,,,
/Metal Box/Corrugated Steel/Categories/Category 1/Sub Category 1,123,20.0,6.0,120.80000305175781,,,,,,,,,
/Metal Box/Corrugated Steel/Categories/Category 1/Sub Category 1,124,20.0,7.0,136.89999389648438,,,,,,,,,
/Metal Box/Corrugated Steel/Categories/Category 1/Sub Category 1,125,20.0,8.0,153.0,,,,,,,,,
/Metal Box/Corrugated Steel/Categories/Category 1/Sub Category 1,126,20.0,9.0,169.1999969482422,,,,,,,,,
/Metal Box/Corrugated Steel/Categories/Category 1/Sub Category 1,127,20.0,10.0,185.39999389648438,,,,,,,,,
/Metal Box/Corrugated Steel/Categories/Category 1/Sub Category 1,128,20.0,4.0,77.5999984741211,,,,,,,,,
/Metal Box/Corrugated Steel/Categories/Category 1/Sub Category 1,129,20.0,5.0,94.0999984741211,,,,,,,,,
/Metal Box/Corrugated Steel/Categories/Category 1/Sub Category 1,130,20.0,6.0,110.5999984741211,,,,,,,,,
/Metal Box/Corrugated Steel/Categories/Category 1/Sub Category 1,131,20.0,7.0,127.19999694824219,,,,,,,,,
/Metal Box/Corrugated Steel/Categories/Category 1/Sub Category 1,132,20.0,7.0,143.6999969482422,,,,,,,,,
/Metal Box/Corrugated Steel/Categories/Category 1/Sub Category 1,133,20.0,8.0,160.3000030517578,,,,,,,,,
/Metal Box/Corrugated Steel/Categories/Category 1/Sub Category 1,134,20.0,9.0,176.89999389648438,,,,,,,,,
/Metal Box/Corrugated Steel/Categories/Category 1/Sub Category 1,135,20.0,10.0,193.5,,,,,,,,,
/Pipe Arch/Aluminum Structural Plate/Categories/Category 1/Sub Category 1,0,79.0,68.0,29.600000381469727,,,0.03500000014901161,41.5,69.9000015258789,31.799999237060547,32.5,,
/Pipe Arch/Aluminum Structural Plate/Categories/Category 1/Sub Category 1,1,83.0,69.0,31.899999618530273,,,0.03500000014901161,102.9000015258789,43.70000076293945,31.799999237060547,32.400001525878906,,
/Pipe Arch/Aluminum Structural Plate/Categories/Category 1/Sub Category 1,2,87.0,71.0,34.29999923706055,,,0.03500000014901161,183.3000030517578,45.599998474121094,31.799999237060547,32.20000076293945,,
/Pipe Arch/Aluminum Structural Plate/Categories/Category 1/Sub Category 1,3,93.0,72.0,36.79999923706055,,,0.03500000014901161,83.80000305175781,51.599998474121094,31.799999237060547,33.79999923706055,,
/Pipe Arch/Aluminum Structural Plate/Categories/Category 1/Sub Category 1,4,96.0,73.0,39.29999923706055,,,0.03500000014901161,108.0999984741211,53.29999923706055,31.799999237060547,33.5,,
/Pipe Arch/Aluminum Structural Plate/Categories/Category 1/Sub Category 1,5,101.0,75.0,41.900001525878906,,,0.03500000014901161,150.10000610351562,54.900001525878906,31.799999237060547,32.20000076293945,,
/Pipe Arch/Aluminum Structural Plate/Categories/Category 1/Sub Category 1,6,106.0,76.0,42.79999923706055,,,0.03500000014901161,93.0,63.29999923706055,31.799999237060547,35.599998474121094,,
/Pipe Arch/Aluminum Structural Plate/Categories/Category 1/Sub Category 1,7,111.0,71.0,47.099998474121094,,,0.03500000014901161,112.5999984741211,64.4000015258789,31.799999237060547,35.20000076293945,,
/Pipe Arch/Aluminum Structural Plate/Categories/Category 1/Sub Category 1,8,115.0,78.0,51.29999923706055,,,0.03500000014901161,141.60000610351562,65.4000015258789,31.799999237060547,34.70000076293945,,
/Pipe Arch/Aluminum Structural Plate/Categories/Category 1/Sub Category 1,9,119.0,80.0,55.29999923706055,,,0.03400000184774399,188.6999969482422,66.4000015258789,31.799999237060547,34.20000076293945,,
/Pipe Arch/Aluminum Structural Plate/Categories/Category 1/Sub Category 1,10,123.0,81.0,59.20000076293945,,,0.03400000184774399,278.79998779296875,67.4000015258789,31.799999237060547,33.5,,
/Pipe Arch/Aluminum Structural Plate/Categories/Category 1/Sub Category 1,11,129.0,82.0,58.400001525878906,,,0.03400000184774399,139.60000610351562,77.5,31.799999237060547,36.79999923706055,,
/Pipe Arch/Aluminum Structural Plate/Categories/Category 1/Sub Category 1,12,133.0,84.0,61.400001525878906,,,0.03400000184774399,172.0,77.80000305175781,31.799999237060547,36.099998474121094,,
/Pipe Arch/Aluminum Structural Plate/Categories/Category 1/Sub Category 1,13,137.0,85.0,73.30000305175781,,,0.03400000184774399,222.0,78.19999694824219,31.799999237060547,35.29999923706055,,
/Pipe Arch/Aluminum Structural Plate/Categories/Category 1/Sub Category 1,14,141.0,86.0,67.5,,,0.03400000184774399,309.5,78.69999694824219,31.799999237060547,34.400001525878906,,
/Pipe Arch/Aluminum Structural Plate/Categories/Category 1/Sub Category 1,15,147.0,87.0,70.5,,,0.03400000184774399,165.1999969482422,90.80000305175781,31.799999237060547,38.400001525878906,,
/Pipe Arch/Aluminum Structural Plate/Categories/Category 1/Sub Category 1,16,151.0,89.0,73.69999694824219,,,0.03400000184774399,200.0,90.5,31.799999237060547,37.5,,
/Pipe Arch/Aluminum Structural Plate/Categories/Category 1/Sub Category 1,17,155.0,90.0,77.0,,,0.03400000184774399,251.6999969482422,90.4000015258789,31.799999237060547,36.5,,
/Pipe Arch/Aluminum Structural Plate/Categories/Category 1/Sub Category 1,18,157.0,98.0,83.0,,,0.03400000184774399,143.60000610351562,88.80000305175781,31.799999237060547,42.0,,
/Pipe Arch/Aluminum Structural Plate/Categories/Category 1/Sub Category 1,19,157.0,100.0,86.80000305175781,,,0.03400000184774399,300.79998779296875,81.69999694824219,31.799999237060547,35.79999923706055,,
/Pipe Arch/Aluminum Structural Plate/Categories/Category 1/Sub Category 1,20,167.0,101.0,90.30000305175781,,,0.03400000184774399,132.0,100.4000015258789,31.799999237060547,46.0,,
/Pipe Arch/Aluminum Structural Plate/Categories/Category 1/Sub Category 1,21,168.0,103.0,94.19999694824219,,,0.03400000184774399,215.10000610351562,90.30000305175781,31.799999237060547,39.400001525878906,,
/Pipe Arch/Aluminum Structural Plate/Categories/Category 1/Sub Category 1,22,167.0,113.0,101.5,,,0.03400000184774399,159.3000030517578,86.19999694824219,31.799999237060547,42.79999923706055,,
/Pipe Arch/Aluminum Structural Plate/Categories/Category 1/Sub Category 1,23,171.0,115.0,105.69999694824219,,,0.03400000184774399,176.3000030517578,87.19999694824219,31.799999237060547,42.0,,
/Pipe Arch/Aluminum Structural Plate/Categories/Category 1/Sub Category 1,24,176.0,116.0,109.9000015258789,,,0.03400000184774399,166.1999969482422,90.9000015258789,31.799999237060547,44.0,,
/Pipe Arch/Aluminum Structural Plate/Categories/Category 1/Sub Category 1,25,179.0,118.0,114.19999694824219,,,0.03400000184774399,183.0,91.80000305175781,31.799999237060547,43.20000076293945,,
/Pipe Arch/Aluminum Structural Plate/Categories/Category 1/Sub Category 1,26,184.0,120.0,118.5999984741211,,,0.03400000184774399,173.0,95.5,31.799999237060547,45.29999923706055,,
/Pipe Arch/Aluminum Structural Plate/Categories/Category 1/Sub Category 1,27,187.0,122.0,123.0999984741211,,,0.03400000184774399,189.60000610351562,96.4000015258789,31.799999237060547,44.400001525878906,,
/Pipe Arch/Aluminum Structural Plate/Categories/Category 1/Sub Category 1,28,193.0,124.0,127.5999984741211,,,0.03400000184774399,179.6999969482422,100.19999694824219,31.799999237060547,46.599998474121094,,
/Pipe Arch/Aluminum Structural Plate/Categories/Category 1/Sub Category 1,29,196.0,126.0,132.3000030517578,,,0.03400000184774399,196.10000610351562,101.0,31.799999237060547,45.70000076293945,,
/Pipe Arch/Aluminum Structural Plate/Categories/Category 1/Sub Category 1,30,201.0,128.0,136.89999389648438,,,0.03400000184774399,186.3000030517578,105.0,31.799999237060547,47.900001525878906,,
/Pipe Arch/Aluminum Structural Plate/Categories/Category 1/Sub Category 1,31,204.0,130.0,141.8000030517578,,,0.03400000184774399,202.5,105.69999694824219,31.799999237060547,46.900001525878906,,
/Pipe Arch/Aluminum Structural Plate/Categories/Category 1/Sub Category 1,32,207.0,132.0,146.6999969482422,,,0.03400000184774399,221.3000030517578,106.5,31.799999237060547,45.900001525878906,,
/Pipe Arch/Aluminum Structural Plate/Categories/Category 1/Sub Category 1,33,213.0,134.0,151.60000610351562,,,0.03400000184774399,208.89999389648438,110.4000015258789,31.799999237060547,48.20000076293945,,
/Pipe Arch/Aluminum Structural Plate/Categories/Category 1/Sub Category 1,34,216.0,136.0,156.6999969482422,,,0.03400000184774399,227.3000030517578,111.0999984741211,31.799999237060547,47.20000076293945,,
/Pipe Arch/Aluminum Structural Plate/Categories/Category 1/Sub Category 1,35,221.0,138.0,161.6999969482422,,,0.03400000184774399,215.1999969482422,115.19999694824219,31.799999237060547,49.599998474121094,,
/Pipe Arch/Aluminum Structural Plate/Categories/Category 1/Sub Category 1,36,224.0,140.0,167.0,,,0.03400000184774399,233.3000030517578,115.80000305175781,31.799999237060547,48.5,,
/Pipe Arch/Aluminum Structural Plate/Categories/Category 1/Sub Category 1,37,230.0,141.0,172.1999969482422,,,0.03400000184774399,221.5,119.9000015258789,31.799999237060547,50.900001525878906,,
/Pipe Arch/Aluminum Structural Plate/Categories/Category 1/Sub Category 1,38,233.0,143.0,177.60000610351562,,,0.03400000184774399,239.3000030517578,120.5,31.799999237060547,49.79999923706055,,
/Pipe Arch/Aluminum Structural Plate/Categories/Category 1/Sub Category 1,39,238.0,145.0,182.89999389648438,,,0.03400000184774399,227.6999969482422,124.69999694824219,31.799999237060547,52.29999923706055,,
/Pipe Arch/Aluminum Structural Plate/Categories/Category 1/Sub Category 1,40,241.0,147.0,188.5,,,0.03400000184774399,245.3000030517578,125.19999694824219,31.799999237060547,51.099998474121094,,
/Pipe Arch/Aluminum Structural Plate/Categories/Category 1/Sub Category 1,41,241.0,150.0,194.39999389648438,,,0.03400000184774399,310.79998779296875,122.5,31.799999237060547,46.20000076293945,,
/Pipe Arch/Aluminum Structural Plate/Categories/Category 1/Sub Category 1,42,250.0,151.0,199.6999969482422,,,0.03400000184774399,251.1999969482422,130.0,31.799999237060547,52.5,,
/Pipe Arch/Aluminum Structural Plate/Categories/Category 1/Sub Category 1,43,253.0,153.0,205.5,,,0.032999999821186066,270.8999938964844,130.5,31.799999237060547,51.20000076293945,,
/Pipe Arch/Aluminum Structural Plate/Categories/Category 1/Sub Category 1,44,258.0,155.0,211.1999969482422,,,0.032999999821186066,257.20001220703125,134.8000030517578,31.799999237060547,53.900001525878906,,
/Pipe Arch/Aluminum Structural Plate/Categories/Category 2/Sub Category 1,0,71.0,65.0,21.479999542236328,,,0.035999998450279236,104.4000015258789,36.5,31.799999237060547,31.799999237060547,,
/Pipe Arch/Aluminum Structural Plate/Categories/Category 2/Sub Category 1,1,74.0,68.0,27.739999771118164,,,0.035999998450279236,68.69999694824219,37.099998474121094,31.799999237060547,32.099998474121094,,
/Pipe Arch/Aluminum Structural Plate/Categories/Category 2/Sub Category 1,2,78.0,69.0,29.75,,,0.03500000014901161,121.5,39.0,31.799999237060547,32.0,,
/Pipe Arch/Aluminum Structural Plate/Categories/Category 2/Sub Category 1,3,82.0,71.0,32.209999084472656,,,0.03500000014901161,91.30000305175781,41.5,31.799999237060547,32.5,,
/Pipe Arch/Aluminum Structural Plate/Categories/Category 2/Sub Category 1,4,87.0,72.0,34.4900016784668,,,0.03500000014901161,82.0999984741211,44.29999923706055,31.799999237060547,33.099998474121094,,
/Pipe Arch/Aluminum Structural Plate/Categories/Category 2/Sub Category 1,5,91.0,74.0,37.04999923706055,,,0.03500000014901161,78.0,47.29999923706055,31.799999237060547,33.900001525878906,,
/Pipe Arch/Aluminum Structural Plate/Categories/Category 2/Sub Category 1,6,95.0,76.0,39.88999938964844,,,0.03500000014901161,96.69999694824219,49.099998474121094,31.799999237060547,33.70000076293945,,
/Pipe Arch/Aluminum Structural Plate/Categories/Category 2/Sub Category 1,7,98.0,77.0,42.119998931884766,,,0.03500000014901161,303.3999938964844,49.400001525878906,31.799999237060547,32.29999923706055,,
/Pipe Arch/Aluminum Structural Plate/Categories/Category 2/Sub Category 1,8,103.0,79.0,45.189998626708984,,,0.03500000014901161,177.1999969482422,52.29999923706055,31.799999237060547,33.099998474121094,,
/Pipe Arch/Aluminum Structural Plate/Categories/Category 2/Sub Category 1,9,106.0,81.0,48.06999969482422,,,0.03500000014901161,291.6000061035156,53.79999923706055,31.799999237060547,32.599998474121094,,
/Pipe Arch/Aluminum Structural Plate/Categories/Category 2/Sub Category 1,10,111.0,82.0,50.529998779296875,,,0.03500000014901161,189.5,56.900001525878906,31.799999237060547,33.599998474121094,,
/Pipe Arch/Aluminum Structural Plate/Categories/Category 2/Sub Category 1,11,116.0,84.0,53.83000183105469,,,0.03400000184774399,152.8000030517578,60.20000076293945,31.799999237060547,34.599998474121094,,
/Pipe Arch/Aluminum Structural Plate/Categories/Category 2/Sub Category 1,12,121.0,85.0,56.38999938964844,,,0.03400000184774399,134.3000030517578,63.79999923706055,31.799999237060547,35.900001525878906,,
/Pipe Arch/Aluminum Structural Plate/Categories/Category 2/Sub Category 1,13,125.0,87.0,59.84000015258789,,,0.03400000184774399,164.60000610351562,65.0999984741211,31.799999237060547,35.29999923706055,,
/Pipe Arch/Aluminum Structural Plate/Categories/Category 2/Sub Category 1,14,128.0,89.0,63.06999969482422,,,0.03400000184774399,210.8000030517578,66.30000305175781,31.799999237060547,34.70000076293945,,
/Pipe Arch/Aluminum Structural Plate/Categories/Category 2/Sub Category 1,15,132.0,91.0,66.7300033569336,,,0.03400000184774399,289.0,67.5,31.799999237060547,34.0,,
/Pipe Arch/Aluminum Structural Plate/Categories/Category 2/Sub Category 1,16,138.0,92.0,69.41000366210938,,,0.03400000184774399,155.89999389648438,74.0,31.799999237060547,37.5,,
/Pipe Arch/Aluminum Structural Plate/Categories/Category 2/Sub Category 1,17,140.0,94.0,72.9800033569336,,,0.03400000184774399,292.20001220703125,72.19999694824219,31.799999237060547,34.599998474121094,,
/Pipe Arch/Aluminum Structural Plate/Categories/Category 2/Sub Category 1,18,145.0,95.0,75.79000091552734,,,0.03400000184774399,229.5,75.9000015258789,31.799999237060547,36.0,,
/Pipe Arch/Aluminum Structural Plate/Categories/Category 2/Sub Category 1,19,149.0,97.0,79.75,,,0.03400000184774399,296.20001220703125,76.9000015258789,31.799999237060547,35.20000076293945,,
/Pipe Arch/Aluminum Structural Plate/Categories/Category 2/Sub Category 1,20,154.0,99.0,83.69999694824219,,,0.03400000184774399,238.3000030517578,80.9000015258789,31.799999237060547,36.79999923706055,,
/Pipe Arch/Aluminum Structural Plate/Categories/Category 2/Sub Category 1,21,157.0,100.0,86.47000122070312,,,0.03400000184774399,300.79998779296875,81.69999694824219,31.799999237060547,35.900001525878906,,
/Pipe Arch/Aluminum Structural Plate/Categories/Category 2/Sub Category 1,22,163.0,102.0,90.87000274658203,,,0.03400000184774399,246.8000030517578,85.80000305175781,31.799999237060547,37.5,,
/Pipe Arch/Aluminum Structural Plate/Categories/Category 2/Sub Category 1,23,168.0,103.0,93.91000366210938,,,0.03400000184774399,215.10000610351562,90.30000305175781,31.799999237060547,39.400001525878906,,
/Pipe Arch/Aluminum Structural Plate/Categories/Category 2/Sub Category 1,24,167.0,113.0,101.80000305175781,,,0.03400000184774399,159.3000030517578,86.19999694824219,31.799999237060547,42.79999923706055,,
/Pipe Arch/Aluminum Structural Plate/Categories/Category 2/Sub Category 1,25,171.0,115.0,106.19000244140625,,,0.03400000184774399,176.1999969482422,87.19999694824219,31.799999237060547,42.0,,
/Pipe Arch/Aluminum Structural Plate/Categories/Category 2/Sub Category 1,26,176.0,116.0,109.41999816894531,,,0.03400000184774399,166.1999969482422,90.9000015258789,31.799999237060547,44.0,,
/Pipe Arch/Aluminum Structural Plate/Categories/Category 2/Sub Category 1,27,179.0,118.0,113.66000366210938,,,0.03400000184774399,183.0,91.80000305175781,31.799999237060547,43.20000076293945,,
/Pipe Arch/Aluminum Structural Plate/Categories/Category 2/Sub Category 1,28,184.0,120.0,118.16999816894531,,,0.03400000184774399,173.0,95.5,31.799999237060547,45.29999923706055,,
/Pipe Arch/Aluminum Structural Plate/Categories/Category 2/Sub Category 1,29,187.0,122.0,122.61000061035156,,,0.03400000184774399,189.60000610351562,96.4000015258789,31.799999237060547,44.400001525878906,,
/Pipe Arch/Aluminum Structural Plate/Categories/Category 2/Sub Category 1,30,193.0,124.0,127.55000305175781,,,0.03400000184774399,179.6999969482422,100.19999694824219,31.799999237060547,46.599998474121094,,
/Pipe Arch/Aluminum Structural Plate/Categories/Category 2/Sub Category 1,31,196.0,126.0,132.1199951171875,,,0.03400000184774399,196.10000610351562,101.0,31.799999237060547,45.70000076293945,,
/Pipe Arch/Aluminum Structural Plate/Categories/Category 2/Sub Category 1,32,201.0,128.0,137.02000427246094,,,0.03400000184774399,186.3000030517578,105.0,31.799999237060547,47.900001525878906,,
/Pipe Arch/Aluminum Structural Plate/Categories/Category 2/Sub Category 1,33,204.0,130.0,141.75999450683594,,,0.03400000184774399,202.5,105.69999694824219,31.799999237060547,46.900001525878906,,
/Pipe Arch/Aluminum Structural Plate/Categories/Category 2/Sub Category 1,34,207.0,132.0,146.6199951171875,,,0.03400000184774399,221.3000030517578,106.5,31.799999237060547,45.900001525878906,,
/Pipe Arch/Aluminum Structural Plate/Categories/Category 2/Sub Category 1,35,213.0,134.0,151.97000122070312,,,0.03400000184774399,208.89999389648438,110.4000015258789,31.799999237060547,48.20000076293945,,
/Pipe Arch/Aluminum Structural Plate/Categories/Category 2/Sub Category 1,36,216.0,136.0,156.9600067138672,,,0.03400000184774399,227.3000030517578,111.0999984741211,31.799999237060547,47.20000076293945,,
/Pipe Arch/Aluminum Structural Plate/Categories/Category 2/Sub Category 1,37,221.0,138.0,162.25999450683594,,,0.03400000184774399,215.1999969482422,115.19999694824219,31.799999237060547,49.599998474121094,,
/Pipe Arch/Aluminum Structural Plate/Categories/Category 2/Sub Category 1,38,224.0,140.0,167.41000366210938,,,0.03400000184774399,233.3000030517578,115.80000305175781,31.799999237060547,48.5,,
/Pipe Arch/Aluminum Structural Plate/Categories/Category 2/Sub Category 1,39,230.0,141.0,171.5500030517578,,,0.03400000184774399,221.5,119.9000015258789,31.799999237060547,50.900001525878906,,
/Pipe Arch/Aluminum Structural Plate/Categories/Category 2/Sub Category 1,40,233.0,143.0,176.85000610351562,,,0.03400000184774399,239.3000030517578,120.5,31.799999237060547,49.79999923706055,,
/Pipe Arch/Aluminum Structural Plate/Categories/Category 2/Sub Category 1,41,238.0,145.0,182.42999267578125,,,0.03400000184774399,227.6999969482422,124.69999694824219,31.799999237060547,52.29999923706055,,
/Pipe Arch/Aluminum Structural Plate/Categories/Category 2/Sub Category 1,42,241.0,147.0,187.8800048828125,,,0.03400000184774399,245.3000030517578,125.19999694824219,31.799999237060547,51.099998474121094,,
/Pipe Arch/Aluminum Structural Plate/Categories/Category 2/Sub Category 1,43,241.0,150.0,194.72999572753906,,,0.03400000184774399,310.79998779296875,122.5,31.799999237060547,46.20000076293945,,
/Pipe Arch/Aluminum Structural Plate/Categories/Category 2/Sub Category 1,44,250.0,151.0,199.5399932861328,,,0.03400000184774399,251.1999969482422,130.0,31.799999237060547,52.5,,
/Pipe Arch/Aluminum Structural Plate/Categories/Category 2/Sub Category 1,45,253.0,153.0,205.25999450683594,,,0.032999999821186066,270.8999938964844,130.5,31.799999237060547,51.20000076293945,,
/Pipe Arch/Aluminum Structural Plate/Categories/Category 2/Sub Category 1,46,258.0,155.0,211.24000549316406,,,0.032999999821186066,257.20001220703125,134.8000030517578,31.799999237060547,53.900001525878906,,
/Pipe Arch/Concrete/Categories/Category 1/Sub Category 1,0,18.0,11.0,1.0920000076293945,,,0.012000000104308128,22.8700008392334,10.619999885559082,4.03000020980835,4.690000057220459,,
/Pipe Arch/Concrete/Categories/Category 1/Sub Category 1,1,22.0,13.5,1.649999976158142,,,0.012000000104308128,27.5,13.75,5.25,6.0,,
/Pipe Arch/Concrete/Categories/Category 1/Sub Category 1,2,26.0,15.5,2.2060000896453857,,,0.012000000104308128,35.5,14.75,5.25,6.25,,
/Pipe Arch/Concrete/Categories/Category 1/Sub Category 1,3,28.5,18.0,2.7920000553131104,,,0.012000000104308128,40.68000030517578,14.5600004196167,4.590000152587891,5.909999847412109,,
/Pipe Arch/Concrete/Categories/Category 1/Sub Category 1,4,36.25,22.5,4.423999786376953,,,0.012000000104308128,51.0,18.75,6.03000020980835,7.690000057220459,,
/Pipe Arch/Concrete/Categories/Category 1/Sub Category 1,5,43.75,26.6200008392334,6.291999816894531,,,0.012000000104308128,62.0,22.5,6.369999885559082,8.5600004196167,,
/Pipe Arch/Concrete/Categories/Category 1/Sub Category 1,6,51.119998931884766,31.309999465942383,8.656999588012695,,,0.012000000104308128,73.0,26.25,7.559999942779541,10.0600004196167,,
/Pipe Arch/Concrete/Categories/Category 1/Sub Category 1,7,58.5,36.0,11.397000312805176,,,0.012000000104308128,84.0,30.0,8.75,11.59000015258789,,
/Pipe Arch/Concrete/Categories/Category 1/Sub Category 1,8,65.0,40.0,14.067000389099121,,,0.012000000104308128,92.5,33.369998931884766,9.8100004196167,13.0,,
/Pipe Arch/Concrete/Categories/Category 1/Sub Category 1,9,73.0,45.0,17.790000915527344,,,0.012000000104308128,105.0,37.5,11.220000267028809,14.6899995803833,,
/Pipe Arch/Concrete/Categories/Category 1/Sub Category 1,10,88.0,54.0,25.68600082397461,,,0.012000000104308128,126.0,45.0,12.5600004196167,17.0,,
/Pipe Arch/Concrete/Categories/Category 1/Sub Category 1,11,102.0,62.0,34.27000045776367,,,0.012000000104308128,162.5,52.0,13.970000267028809,18.65999984741211,,
/Pipe Arch/Concrete/Categories/Category 1/Sub Category 1,12,115.0,72.0,45.141998291015625,,,0.012000000104308128,183.0,59.0,19.280000686645508,23.81999969482422,,
/Pipe Arch/Concrete/Categories/Category 1/Sub Category 1,13,122.0,77.25,51.62900161743164,,,0.012000000104308128,218.0,62.0,20.059999465942383,24.34000015258789,,
/Pipe Arch/Concrete/Categories/Category 1/Sub Category 1,14,138.0,87.12000274658203,66.00199890136719,,,0.012000000104308128,269.0,70.0,22.3700008392334,26.84000015258789,,
/Pipe Arch/Concrete/Categories/Category 1/Sub Category 1,15,154.0,96.87000274658203,81.86000061035156,,,0.012000000104308128,301.3699951171875,78.0,24.1299991607666,29.219999313354492,,
/Pipe Arch/Concrete/Categories/Category 1/Sub Category 1,16,168.75,106.5,98.55999755859375,,,0.012000000104308128,329.0,85.62999725341797,26.8700008392334,32.869998931884766,,
/Pipe Arch/Steel Structural Plate/Categories/Category 1/Sub Category 1,0,73.0,55.0,22.09000015258789,,,0.03500000014901161,76.30000305175781,36.79999923706055,18.0,21.0,,
/Pipe Arch/Steel Structural Plate/Categories/Category 1/Sub Category 1,1,76.0,57.099998474121094,24.100000381469727,,,0.03500000014901161,98.5999984741211,38.099998474121094,18.0,20.5,,
/Pipe Arch/Steel Structural Plate/Categories/Category 1/Sub Category 1,2,81.19999694824219,58.900001525878906,26.15999984741211,,,0.03500000014901161,83.5,41.0,18.0,22.0,,
/Pipe Arch/Steel Structural Plate/Categories/Category 1/Sub Category 1,3,84.19999694824219,61.099998474121094,28.399999618530273,,,0.03500000014901161,104.19999694824219,42.29999923706055,18.0,21.399999618530273,,
/Pipe Arch/Steel Structural Plate/Categories/Category 1/Sub Category 1,4,87.0,63.20000076293945,30.6200008392334,,,0.03400000184774399,136.1999969482422,43.5,18.0,20.799999237060547,,
/Pipe Arch/Steel Structural Plate/Categories/Category 1/Sub Category 1,5,92.4000015258789,65.0,32.90999984741211,,,0.03400000184774399,109.80000305175781,46.5,18.0,22.399999618530273,,
/Pipe Arch/Steel Structural Plate/Categories/Category 1/Sub Category 1,6,95.19999694824219,67.19999694824219,35.38999938964844,,,0.03400000184774399,137.89999389648438,47.70000076293945,18.0,21.700000762939453,,
/Pipe Arch/Steel Structural Plate/Categories/Category 1/Sub Category 1,7,97.80000305175781,69.4000015258789,37.959999084472656,,,0.03400000184774399,182.89999389648438,48.900001525878906,18.0,20.899999618530273,,
/Pipe Arch/Steel Structural Plate/Categories/Category 1/Sub Category 1,8,103.4000015258789,71.69999694824219,40.459999084472656,,,0.03400000184774399,141.0,51.900001525878906,18.0,22.700000762939453,,
/Pipe Arch/Steel Structural Plate/Categories/Category 1/Sub Category 1,9,106.0,73.30000305175781,43.099998474121094,,,0.03400000184774399,178.6999969482422,53.0,18.0,21.899999618530273,,
/Pipe Arch/Steel Structural Plate/Categories/Category 1/Sub Category 1,10,111.80000305175781,75.0999984741211,45.83000183105469,,,0.03400000184774399,144.60000610351562,56.20000076293945,18.0,23.799999237060547,,
/Pipe Arch/Steel Structural Plate/Categories/Category 1/Sub Category 1,11,114.19999694824219,77.30000305175781,48.689998626708984,,,0.03400000184774399,177.5,57.29999923706055,18.0,22.899999618530273,,
/Pipe Arch/Steel Structural Plate/Categories/Category 1/Sub Category 1,12,116.5999984741211,79.5,51.66999816894531,,,0.03400000184774399,227.6999969482422,58.29999923706055,18.0,21.899999618530273,,
/Pipe Arch/Steel Structural Plate/Categories/Category 1/Sub Category 1,13,122.5999984741211,81.19999694824219,54.5099983215332,,,0.03400000184774399,178.3000030517578,61.5,18.0,24.0,,
/Pipe Arch/Steel Structural Plate/Categories/Category 1/Sub Category 1,14,128.39999389648438,82.9000015258789,57.459999084472656,,,0.03400000184774399,153.1999969482422,64.9000015258789,18.0,26.100000381469727,,
/Pipe Arch/Steel Structural Plate/Categories/Category 1/Sub Category 1,15,131.0,85.0999984741211,60.720001220703125,,,0.03400000184774399,180.39999389648438,65.9000015258789,18.0,25.100000381469727,,
/Pipe Arch/Steel Structural Plate/Categories/Category 1/Sub Category 1,16,136.8000030517578,86.9000015258789,63.86000061035156,,,0.03400000184774399,157.89999389648438,69.4000015258789,18.0,27.399999618530273,,
/Pipe Arch/Steel Structural Plate/Categories/Category 1/Sub Category 1,17,139.39999389648438,89.0999984741211,76.23999786376953,,,0.03400000184774399,183.1999969482422,70.19999694824219,18.0,26.299999237060547,,
/Pipe Arch/Steel Structural Plate/Categories/Category 1/Sub Category 1,18,141.8000030517578,91.30000305175781,70.69999694824219,,,0.032999999821186066,216.39999389648438,71.0999984741211,18.0,25.200000762939453,,
/Pipe Arch/Steel Structural Plate/Categories/Category 1/Sub Category 1,19,147.8000030517578,93.0,74.08000183105469,,,0.032999999821186066,186.5,74.69999694824219,18.0,27.5,,
/Pipe Arch/Steel Structural Plate/Categories/Category 1/Sub Category 1,20,150.1999969482422,95.19999694824219,77.63999938964844,,,0.032999999821186066,216.8000030517578,75.5,18.0,26.399999618530273,,
/Pipe Arch/Steel Structural Plate/Categories/Category 1/Sub Category 1,21,152.39999389648438,97.4000015258789,81.37000274658203,,,0.032999999821186066,257.3999938964844,76.4000015258789,18.0,25.200000762939453,,
/Pipe Arch/Steel Structural Plate/Categories/Category 1/Sub Category 1,22,154.39999389648438,99.69999694824219,85.19999694824219,,,0.032999999821186066,314.70001220703125,77.30000305175781,18.0,24.0,,
/Pipe Arch/Steel Structural Plate/Categories/Category 1/Sub Category 1,23,160.8000030517578,101.30000305175781,88.77999877929688,,,0.032999999821186066,254.8000030517578,80.69999694824219,18.0,26.399999618530273,,
/Pipe Arch/Steel Structural Plate/Categories/Category 1/Sub Category 1,24,167.1999969482422,103.0,92.58000183105469,,,0.032999999821186066,220.6999969482422,84.4000015258789,18.0,28.899999618530273,,
/Pipe Arch/Steel Structural Plate/Categories/Category 1/Sub Category 1,25,169.39999389648438,105.19999694824219,96.55999755859375,,,0.032999999821186066,254.10000610351562,85.0999984741211,18.0,27.600000381469727,,
/Pipe Arch/Steel Structural Plate/Categories/Category 2/Sub Category 1,0,159.39999389648438,112.30000305175781,98.12999725341797,,,0.03400000184774399,192.60000610351562,80.0999984741211,31.0,38.599998474121094,,
/Pipe Arch/Steel Structural Plate/Categories/Category 2/Sub Category 1,1,162.1999969482422,114.4000015258789,102.30000305175781,,,0.03400000184774399,220.8000030517578,81.30000305175781,31.0,37.79999923706055,,
/Pipe Arch/Steel Structural Plate/Categories/Category 2/Sub Category 1,2,167.60000610351562,116.19999694824219,106.41000366210938,,,0.03400000184774399,197.89999389648438,84.4000015258789,31.0,39.599998474121094,,
/Pipe Arch/Steel Structural Plate/Categories/Category 2/Sub Category 1,3,170.60000610351562,118.4000015258789,110.87999725341797,,,0.03400000184774399,222.60000610351562,85.5999984741211,31.0,38.900001525878906,,
/Pipe Arch/Steel Structural Plate/Categories/Category 2/Sub Category 1,4,172.8000030517578,120.5,115.12999725341797,,,0.03400000184774399,256.6000061035156,86.5999984741211,31.0,38.0,,
/Pipe Arch/Steel Structural Plate/Categories/Category 2/Sub Category 1,5,178.60000610351562,122.30000305175781,119.52999877929688,,,0.03400000184774399,227.6999969482422,89.80000305175781,31.0,39.900001525878906,,
/Pipe Arch/Steel Structural Plate/Categories/Category 2/Sub Category 1,6,184.1999969482422,124.0999984741211,124.05000305175781,,,0.03400000184774399,208.5,93.0999984741211,31.0,41.900001525878906,,
/Pipe Arch/Steel Structural Plate/Categories/Category 2/Sub Category 1,7,187.0,126.30000305175781,128.77999877929688,,,0.03400000184774399,232.10000610351562,94.0999984741211,31.0,41.0,,
/Pipe Arch/Steel Structural Plate/Categories/Category 2/Sub Category 1,8,189.60000610351562,128.5,133.66000366210938,,,0.03400000184774399,260.6000061035156,95.19999694824219,31.0,40.099998474121094,,
/Pipe Arch/Steel Structural Plate/Categories/Category 2/Sub Category 1,9,195.39999389648438,130.1999969482422,138.2899932861328,,,0.03400000184774399,236.0,98.5,31.0,42.20000076293945,,
/Pipe Arch/Steel Structural Plate/Categories/Category 2/Sub Category 1,10,198.0,132.39999389648438,143.2899932861328,,,0.03400000184774399,263.20001220703125,99.5,31.0,41.20000076293945,,
/Pipe Arch/Steel Structural Plate/Categories/Category 2/Sub Category 1,11,203.60000610351562,134.1999969482422,148.05999755859375,,,0.03400000184774399,241.0,102.9000015258789,31.0,43.400001525878906,,
/Pipe Arch/Steel Structural Plate/Categories/Category 2/Sub Category 1,12,206.1999969482422,136.3000030517578,153.0399932861328,,,0.03400000184774399,266.79998779296875,103.80000305175781,31.0,42.400001525878906,,
/Pipe Arch/Steel Structural Plate/Categories/Category 2/Sub Category 1,13,208.8000030517578,138.5,158.2899932861328,,,0.03400000184774399,297.8999938964844,104.80000305175781,31.0,41.400001525878906,,
/Pipe Arch/Steel Structural Plate/Categories/Category 2/Sub Category 1,14,214.60000610351562,140.3000030517578,163.72999572753906,,,0.03400000184774399,270.6000061035156,108.19999694824219,31.0,43.599998474121094,,
/Pipe Arch/Steel Structural Plate/Categories/Category 2/Sub Category 1,15,217.1999969482422,142.39999389648438,168.72999572753906,,,0.03400000184774399,299.70001220703125,109.0999984741211,31.0,42.5,,
/Pipe Arch/Steel Structural Plate/Categories/Category 2/Sub Category 1,16,223.0,144.1999969482422,173.97999572753906,,,0.03400000184774399,274.5,112.5999984741211,31.0,44.79999923706055,,
/Pipe Arch/Steel Structural Plate/Categories/Category 2/Sub Category 1,17,225.39999389648438,146.39999389648438,179.5399932861328,,,0.03400000184774399,302.29998779296875,113.5,31.0,43.70000076293945,,
/Pipe Arch/Steel Structural Plate/Categories/Category 2/Sub Category 1,18,231.39999389648438,148.10000610351562,184.7899932861328,,,0.03400000184774399,278.6000061035156,117.0,31.0,46.0,,
/Pipe Arch/Steel Structural Plate/Categories/Category 2/Sub Category 1,19,234.0,150.3000030517578,190.61000061035156,,,0.03400000184774399,305.1000061035156,117.9000015258789,31.0,44.900001525878906,,
/Pipe Arch/Steel Structural Plate/Categories/Category 2/Sub Category 1,20,236.39999389648438,152.5,196.33999633789062,,,0.03400000184774399,336.5,118.80000305175781,31.0,43.79999923706055,,
/Pipe Arch/Steel Structural Plate/Categories/Category 2/Sub Category 1,21,238.60000610351562,154.6999969482422,202.22999572753906,,,0.03400000184774399,374.29998779296875,119.69999694824219,31.0,42.599998474121094,,
/Pipe Arch/Steel Structural Plate/Categories/Category 2/Sub Category 1,22,224.8000030517578,156.39999389648438,207.9199981689453,,,0.03400000184774399,338.1000061035156,123.19999694824219,31.0,45.0,,
/Pipe Arch/Steel Structural Plate/Categories/Category 2/Sub Category 1,23,247.0,158.60000610351562,213.82000732421875,,,0.03400000184774399,373.5,124.0,31.0,43.79999923706055,,
/Pipe Arch/Steel Structural Plate/Categories/Category 3/Sub Category 1,0,240.0,167.0,216.58999633789062,,,0.032999999821186066,223.60000610351562,122.5,47.0,62.79999923706055,,
/Pipe Arch/Steel Structural Plate/Categories/Category 3/Sub Category 1,1,246.0,171.0,228.67999267578125,,,0.032999999821186066,255.6999969482422,124.69999694824219,47.0,61.400001525878906,,
/Pipe Arch/Steel Structural Plate/Categories/Category 3/Sub Category 1,2,257.0,174.0,240.05999755859375,,,0.032999999821186066,236.6999969482422,131.39999389648438,47.0,65.30000305175781,,
/Pipe Arch/Steel Structural Plate/Categories/Category 3/Sub Category 1,3,263.0,179.0,254.5399932861328,,,0.032999999821186066,268.1000061035156,133.5,47.0,63.70000076293945,,
/Pipe Arch/Steel Structural Plate/Categories/Category 3/Sub Category 1,4,269.0,183.0,267.4800109863281,,,0.032999999821186066,307.1000061035156,135.5,47.0,62.099998474121094,,
/Pipe Arch/Steel Structural Plate/Categories/Category 3/Sub Category 1,5,280.0,187.0,281.7300109863281,,,0.032999999821186066,280.20001220703125,142.39999389648438,47.0,66.19999694824219,,
/Pipe Arch/Steel Structural Plate/Categories/Category 3/Sub Category 1,6,290.0,191.0,295.8900146484375,,,0.032999999821186066,262.1000061035156,149.6999969482422,47.0,70.69999694824219,,
/Pipe Arch/Steel Structural Plate/Categories/Category 3/Sub Category 1,7,296.0,194.0,307.79998779296875,,,0.032999999821186066,292.20001220703125,151.39999389648438,47.0,68.80000305175781,,
/Pipe Arch/Steel Structural Plate/Categories/Category 3/Sub Category 1,8,302.0,199.0,324.1600036621094,,,0.032999999821186066,328.6000061035156,153.1999969482422,47.0,66.9000015258789,,
/Pipe Arch/Steel Structural Plate/Categories/Category 3/Sub Category 1,9,307.0,203.0,338.4599914550781,,,0.032999999821186066,373.29998779296875,155.0,47.0,64.80000305175781,,
/Pipe Arch/Steel Structural Plate/Categories/Category 3/Sub Category 1,10,319.0,207.0,354.57000732421875,,,0.032999999821186066,339.3999938964844,162.10000610351562,47.0,69.4000015258789,,
/Pipe Arch/Steel Structural Plate/Categories/Category 3/Sub Category 1,11,330.0,210.0,368.42999267578125,,,0.032999999821186066,315.79998779296875,169.60000610351562,47.0,74.19999694824219,,
/Pipe Arch/Steel Structural Plate/Categories/Category 3/Sub Category 1,12,336.0,214.0,383.92999267578125,,,0.032999999821186066,350.20001220703125,171.10000610351562,47.0,72.0999984741211,,
/Pipe Arch/Steel Structural Plate/Categories/Category 3/Sub Category 1,13,341.0,219.0,401.8399963378906,,,0.032999999821186066,392.29998779296875,172.6999969482422,47.0,69.9000015258789,,
/Pipe Arch/Steel Structural Plate/Categories/Category 3/Sub Category 1,14,352.0,222.0,416.4800109863281,,,0.032999999821186066,361.1000061035156,180.1999969482422,47.0,74.80000305175781,,
/Pipe Arch/Steel Structural Plate/Categories/Category 3/Sub Category 1,15,364.0,226.0,434.30999755859375,,,0.032999999821186066,339.1000061035156,188.1999969482422,47.0,80.0,,
/Pipe Arch/Steel or Aluminum/Categories/Category 1/Sub Category 1,0,17.0,13.0,1.100000023841858,,,0.02500000037252903,25.625,8.625,3.5,4.380000114440918,,
/Pipe Arch/Steel or Aluminum/Categories/Category 1/Sub Category 1,1,21.0,15.0,1.600000023841858,,,0.02500000037252903,33.125,10.75,4.130000114440918,4.875,,
/Pipe Arch/Steel or Aluminum/Categories/Category 1/Sub Category 1,2,24.0,18.0,2.200000047683716,,,0.02500000037252903,34.625,11.875,4.875,5.625,,
/Pipe Arch/Steel or Aluminum/Categories/Category 1/Sub Category 1,3,28.0,20.0,2.9000000953674316,,,0.02500000037252903,42.25,14.0,5.5,6.5,,
/Pipe Arch/Steel or Aluminum/Categories/Category 1/Sub Category 1,4,35.0,24.0,4.5,,,0.02500000037252903,55.125,17.875,6.875,8.125,,
/Pipe Arch/Steel or Aluminum/Categories/Category 1/Sub Category 1,5,42.0,29.0,6.5,,,0.02500000037252903,66.125,21.5,8.25,9.75,,
/Pipe Arch/Steel or Aluminum/Categories/Category 1/Sub Category 1,6,49.0,33.0,8.899999618530273,,,0.024000000208616257,77.25,25.125,9.625,11.375,,
/Pipe Arch/Steel or Aluminum/Categories/Category 1/Sub Category 1,7,57.0,38.0,11.600000381469727,,,0.024000000208616257,88.25,28.625,11.0,13.0,,
/Pipe Arch/Steel or Aluminum/Categories/Category 1/Sub Category 1,8,64.0,43.0,14.699999809265137,,,0.024000000208616257,99.25,32.25,12.375,14.625,,
/Pipe Arch/Steel or Aluminum/Categories/Category 1/Sub Category 1,9,71.0,47.0,18.100000381469727,,,0.024000000208616257,110.25,35.75,13.75,16.25,,
/Pipe Arch/Steel or Aluminum/Categories/Category 1/Sub Category 1,10,77.0,52.0,21.899999618530273,,,0.024000000208616257,121.25,39.375,15.125,17.875,,
/Pipe Arch/Steel or Aluminum/Categories/Category 1/Sub Category 1,11,83.0,57.0,26.0,,,0.024000000208616257,132.25,43.0,16.25,19.5,,
/Pipe Arch/Steel or Aluminum/Categories/Category 1/Sub Category 3,0,60.0,46.0,15.600000381469727,,,0.02800000086426735,51.125,29.375,18.75,20.5,,
/Pipe Arch/Steel or Aluminum/Categories/Category 1/Sub Category 3,1,66.0,51.0,19.299999237060547,,,0.02800000086426735,56.25,32.625,20.75,22.75,,
/Pipe Arch/Steel or Aluminum/Categories/Category 1/Sub Category 3,2,73.0,55.0,23.200000762939453,,,0.02800000086426735,63.75,36.75,22.875,25.125,,
/Pipe Arch/Steel or Aluminum/Categories/Category 1/Sub Category 3,3,81.0,59.0,27.399999618530273,,,0.02800000086426735,82.625,39.5,20.875,23.75,,
/Pipe Arch/Steel or Aluminum/Categories/Category 1/Sub Category 3,4,87.0,63.0,32.099998474121094,,,0.02800000086426735,92.25,43.375,22.625,25.75,,
/Pipe Arch/Steel or Aluminum/Categories/Category 1/Sub Category 3,5,95.0,67.0,37.0,,,0.02800000086426735,100.25,47.0,24.375,27.75,,
/Pipe Arch/Steel or Aluminum/Categories/Category 1/Sub Category 3,6,103.0,71.0,42.400001525878906,,,0.02800000086426735,111.625,51.25,26.125,29.375,,
/Pipe Arch/Steel or Aluminum/Categories/Category 1/Sub Category 3,7,112.0,75.0,48.0,,,0.02800000086426735,120.25,54.875,27.75,31.625,,
/Pipe Arch/Steel or Aluminum/Categories/Category 1/Sub Category 3,8,117.0,79.0,54.20000076293945,,,0.02800000086426735,131.75,59.375,29.5,33.625,,
/Pipe Arch/Steel or Aluminum/Categories/Category 1/Sub Category 3,9,128.0,83.0,60.5,,,0.027000000700354576,139.75,63.25,31.25,35.625,,
/Pipe Arch/Steel or Aluminum/Categories/Category 1/Sub Category 3,10,137.0,87.0,67.4000015258789,,,0.027000000700354576,149.5,67.375,33.0,37.625,,
/Pipe Arch/Steel or Aluminum/Categories/Category 1/Sub Category 3,11,142.0,91.0,74.5,,,0.027000000700354576,162.375,71.625,34.75,39.5,,
/Pipe Arch/Steel or Aluminum/Categories/Category 2/Sub Category 1,0,18.100000381469727,11.0,1.0700000524520874,,,0.02500000037252903,19.1200008392334,10.0600004196167,3.5,4.5,,
/Pipe Arch/Steel or Aluminum/Categories/Category 2/Sub Category 1,1,21.700000762939453,13.300000190734863,1.590000033378601,,,0.02500000037252903,37.060001373291016,11.869999885559082,4.0,4.75,,
/Pipe Arch/Steel or Aluminum/Categories/Category 2/Sub Category 1,2,25.299999237060547,15.5,2.0999999046325684,,,0.02500000037252903,33.5,12.75,4.0,5.25,,
/Pipe Arch/Steel or Aluminum/Categories/Category 2/Sub Category 1,3,28.899999618530273,17.799999237060547,2.809999942779541,,,0.02500000037252903,55.0,14.75,4.5,5.5,,
/Pipe Arch/Steel or Aluminum/Categories/Category 2/Sub Category 1,4,36.099998474121094,22.200000762939453,4.389999866485596,,,0.02500000037252903,73.25,18.25,5.0,6.25,,
/Pipe Arch/Steel or Aluminum/Categories/Category 2/Sub Category 1,5,43.29999923706055,26.600000381469727,6.28000020980835,,,0.02500000037252903,91.55999755859375,21.559999465942383,5.5,7.0,,
/Pipe Arch/Steel or Aluminum/Categories/Category 2/Sub Category 1,6,50.599998474121094,31.700000762939453,8.75,,,0.024000000208616257,97.25,25.1200008392334,6.0,8.0,,
/Pipe Arch/Steel or Aluminum/Categories/Category 2/Sub Category 1,7,57.79999923706055,35.5,11.229999542236328,,,0.024000000208616257,115.69000244140625,29.1200008392334,7.0,9.25,,
/Pipe Arch/Steel or Aluminum/Categories/Category 2/Sub Category 1,8,65.0,40.0,14.229999542236328,,,0.024000000208616257,129.30999755859375,32.75,8.0,10.5,,
/Pipe Arch/Steel or Aluminum/Categories/Category 2/Sub Category 1,9,72.19999694824219,44.400001525878906,17.520000457763672,,,0.024000000208616257,142.94000244140625,36.310001373291016,9.0,11.75,,
/Pipe Arch/Steel or Aluminum/Categories/Category 2/Sub Category 1,10,79.4000015258789,48.70000076293945,21.010000228881836,,,0.024000000208616257,145.5500030517578,39.75,10.0,13.25,,
/Pipe Arch/Steel or Aluminum/Categories/Category 2/Sub Category 1,11,85.0,54.0,25.170000076293945,,,0.024000000208616257,154.5,42.630001068115234,11.0,14.5,,
/Pipe Arch/Steel or Aluminum/Categories/Category 2/Sub Category 3,0,43.0,27.0,6.300000190734863,,,0.02800000086426735,54.75,22.5,7.75,9.75,,
/Pipe Arch/Steel or Aluminum/Categories/Category 2/Sub Category 3,1,50.0,31.0,8.40999984741211,,,0.02800000086426735,67.0,26.25,9.0,11.25,,
/Pipe Arch/Steel or Aluminum/Categories/Category 2/Sub Category 3,2,58.0,36.0,11.359999656677246,,,0.02800000086426735,82.0,30.5,10.5,13.0,,
/Pipe Arch/Steel or Aluminum/Categories/Category 2/Sub Category 3,3,65.0,40.0,14.140000343322754,,,0.02800000086426735,91.25,34.5,12.0,14.75,,
/Pipe Arch/Steel or Aluminum/Categories/Category 2/Sub Category 3,4,72.0,44.0,17.239999771118164,,,0.02800000086426735,98.5,38.5,13.25,16.25,,
/Pipe Arch/Steel or Aluminum/Categories/Category 2/Sub Category 3,5,73.0,55.0,22.079999923706055,,,0.02800000086426735,76.25,36.75,18.0,21.0,,
/Pipe Arch/Steel or Aluminum/Categories/Category 2/Sub Category 3,6,81.0,59.0,26.260000228881836,,,0.02800000086426735,92.75,40.75,18.0,21.5,,
/Pipe Arch/Steel or Aluminum/Categories/Category 2/Sub Category 3,7,87.0,63.0,30.09000015258789,,,0.02800000086426735,100.5,43.5,18.0,22.0,,
/Pipe Arch/Steel or Aluminum/Categories/Category 2/Sub Category 3,8,95.0,67.0,34.970001220703125,,,0.02800000086426735,116.0,47.75,18.0,22.5,,
/Pipe Arch/Steel or Aluminum/Categories/Category 2/Sub Category 3,9,103.0,71.0,40.11000061035156,,,0.02800000086426735,132.25,51.75,18.0,23.0,,
/Pipe Arch/Steel or Aluminum/Categories/Category 2/Sub Category 3,10,112.0,75.0,45.91999816894531,,,0.02800000086426735,151.75,56.25,18.0,23.5,,
/Pipe Arch/Steel or Aluminum/Categories/Category 2/Sub Category 3,11,117.0,79.0,50.68000030517578,,,0.02800000086426735,160.5,58.75,18.0,24.0,,
/Pipe Arch/Steel or Aluminum/Categories/Category 2/Sub Category 3,12,128.0,83.0,57.97999954223633,,,0.027000000700354576,185.0,64.5,18.0,24.5,,
/Pipe Arch/Steel or Aluminum/Categories/Category 2/Sub Category 3,13,137.0,87.0,64.80999755859375,,,0.027000000700354576,201.0,69.0,18.0,25.0,,
/Pipe Arch/Steel or Aluminum/Categories/Category 2/Sub Category 3,14,142.0,91.0,70.36000061035156,,,0.027000000700354576,210.0,71.25,18.0,25.5,,
